arquivo,tipo,classe,nome,rank_cc,complexity,linha_ini,linha_fim
imbens/exceptions.py,function,,raise_isinstance_error,A,1,11,14
imbens/pipeline.py,function,,make_pipeline,A,1,448,492
imbens/pipeline.py,method,Pipeline,fit_predict,A,1,391,424
imbens/datasets/_imbalance.py,function,,generate_imbalance_data,A,1,120,178
imbens/datasets/_openml.py,function,,save_data,A,1,70,71
imbens/datasets/_openml.py,function,,load_data,A,1,74,78
imbens/datasets/tests/test_imbalance.py,function,,iris,A,1,16,17
imbens/datasets/tests/test_imbalance.py,function,,test_make_imbalance_error,A,1,28,33
imbens/datasets/tests/test_imbalance.py,function,,test_make_imbalance_error_single_class,A,1,36,40
imbens/datasets/tests/test_zenodo.py,function,,fetch,A,1,46,47
imbens/datasets/tests/test_zenodo.py,function,,test_fetch_error,A,1,98,100
imbens/ensemble/base.py,function,,sort_dict_by_key,A,1,58,60
imbens/ensemble/base.py,function,,_estimator_has,A,1,417,431
imbens/ensemble/base.py,method,BaseImbalancedEnsemble,__init__,A,1,484,509
imbens/ensemble/base.py,method,BaseImbalancedEnsemble,_validate_y,A,1,511,517
imbens/ensemble/base.py,method,BaseImbalancedEnsemble,_fit,A,1,605,607
imbens/ensemble/base.py,method,BaseImbalancedEnsemble,predict,A,1,664,684
imbens/ensemble/base.py,method,BaseImbalancedEnsemble,_parallel_args,A,1,778,779
imbens/ensemble/_bagging.py,function,,_generate_bagging_indices,A,1,89,110
imbens/ensemble/_bagging.py,method,ResampleBaggingClassifier,__init__,A,1,204,238
imbens/ensemble/_bagging.py,method,ResampleBaggingClassifier,fit,A,1,509,511
imbens/ensemble/_bagging.py,method,ResampleBaggingClassifier,predict_proba,A,1,514,515
imbens/ensemble/_bagging.py,method,ResampleBaggingClassifier,predict_log_proba,A,1,518,519
imbens/ensemble/_bagging.py,method,ResampleBaggingClassifier,set_params,A,1,521,522
imbens/ensemble/_boost.py,method,ResampleBoostClassifier,__init__,A,1,80,101
imbens/ensemble/_boost.py,method,ResampleBoostClassifier,fit,A,1,543,545
imbens/ensemble/_boost.py,method,ResampleBoostClassifier,decision_function,A,1,593,594
imbens/ensemble/_boost.py,method,ResampleBoostClassifier,predict_log_proba,A,1,597,598
imbens/ensemble/_boost.py,method,ResampleBoostClassifier,predict_proba,A,1,601,602
imbens/ensemble/_boost.py,method,ResampleBoostClassifier,staged_decision_function,A,1,605,606
imbens/ensemble/_boost.py,method,ResampleBoostClassifier,staged_predict_proba,A,1,609,610
imbens/ensemble/_boost.py,method,ReweightBoostClassifier,__init__,A,1,635,652
imbens/ensemble/_boost.py,method,ReweightBoostClassifier,_compute_mult_in_exp_weights_array,A,1,655,663
imbens/ensemble/_boost.py,method,ReweightBoostClassifier,_compute_mult_out_exp_weights_array,A,1,665,673
imbens/ensemble/_boost.py,method,ReweightBoostClassifier,_preprocess_sample_weight,A,1,675,682
imbens/ensemble/_boost.py,method,ReweightBoostClassifier,fit,A,1,1006,1008
imbens/ensemble/_boost.py,method,ReweightBoostClassifier,decision_function,A,1,1056,1057
imbens/ensemble/_boost.py,method,ReweightBoostClassifier,predict_log_proba,A,1,1060,1061
imbens/ensemble/_boost.py,method,ReweightBoostClassifier,predict_proba,A,1,1064,1065
imbens/ensemble/_boost.py,method,ReweightBoostClassifier,staged_decision_function,A,1,1068,1069
imbens/ensemble/_boost.py,method,ReweightBoostClassifier,staged_predict_proba,A,1,1072,1073
imbens/ensemble/tests/test_base_ensemble.py,function,,test_evaluate,A,1,33,42
imbens/ensemble/tests/test_base_ensemble.py,function,,test_evaluate_eval_metrics,A,1,118,138
imbens/ensemble/_compatible/adaboost_compatible.py,method,CompatibleAdaBoostClassifier,__init__,A,1,161,182
imbens/ensemble/_compatible/adaboost_compatible.py,method,CompatibleAdaBoostClassifier,decision_function,A,1,348,349
imbens/ensemble/_compatible/adaboost_compatible.py,method,CompatibleAdaBoostClassifier,predict_log_proba,A,1,352,353
imbens/ensemble/_compatible/adaboost_compatible.py,method,CompatibleAdaBoostClassifier,predict_proba,A,1,356,357
imbens/ensemble/_compatible/adaboost_compatible.py,method,CompatibleAdaBoostClassifier,staged_decision_function,A,1,360,361
imbens/ensemble/_compatible/adaboost_compatible.py,method,CompatibleAdaBoostClassifier,staged_predict_proba,A,1,364,365
imbens/ensemble/_compatible/bagging_compatible.py,method,CompatibleBaggingClassifier,__init__,A,1,198,229
imbens/ensemble/_compatible/bagging_compatible.py,method,CompatibleBaggingClassifier,predict_proba,A,1,428,429
imbens/ensemble/_compatible/bagging_compatible.py,method,CompatibleBaggingClassifier,predict_log_proba,A,1,432,433
imbens/ensemble/_compatible/bagging_compatible.py,method,CompatibleBaggingClassifier,set_params,A,1,435,436
imbens/ensemble/_compatible/tests/test_adabost_compatible.py,function,,imbalanced_dataset,A,1,22,33
imbens/ensemble/_compatible/tests/test_adabost_compatible.py,function,,test_adaboost_sample_weight,A,1,77,93
imbens/ensemble/_compatible/tests/test_bagging_compatible.py,function,,test_probability,A,1,132,155
imbens/ensemble/_compatible/tests/test_bagging_compatible.py,function,,test_single_estimator,A,1,199,221
imbens/ensemble/_compatible/tests/test_bagging_compatible.py,function,,test_gridsearch,A,1,224,238
imbens/ensemble/_compatible/tests/test_bagging_compatible.py,function,,test_bagging_with_pipeline,A,1,270,281
imbens/ensemble/_compatible/tests/test_bagging_compatible.py,function,,test_warm_start_smaller_n_estimators,A,1,312,319
imbens/ensemble/_compatible/tests/test_bagging_compatible.py,function,,test_warm_start_equal_n_estimators,A,1,322,337
imbens/ensemble/_compatible/tests/test_bagging_compatible.py,function,,test_warm_start_equivalence,A,1,340,360
imbens/ensemble/_compatible/tests/test_bagging_compatible.py,function,,test_warm_start_with_oob_score_fails,A,1,363,368
imbens/ensemble/_compatible/tests/test_bagging_compatible.py,function,,test_oob_score_removed_on_warm_start,A,1,371,381
imbens/ensemble/_over_sampling/kmeans_smote_boost.py,method,KmeansSMOTEBoostClassifier,fit,A,1,233,298
imbens/ensemble/_over_sampling/over_bagging.py,method,OverBaggingClassifier,__init__,A,1,181,221
imbens/ensemble/_over_sampling/over_bagging.py,method,OverBaggingClassifier,fit,A,1,229,278
imbens/ensemble/_over_sampling/over_bagging.py,method,OverBaggingClassifier,predict_log_proba,A,1,282,283
imbens/ensemble/_over_sampling/over_bagging.py,method,OverBaggingClassifier,predict_proba,A,1,286,287
imbens/ensemble/_over_sampling/over_boost.py,method,OverBoostClassifier,__init__,A,1,151,179
imbens/ensemble/_over_sampling/over_boost.py,method,OverBoostClassifier,fit,A,1,190,249
imbens/ensemble/_over_sampling/smote_bagging.py,method,SMOTEBaggingClassifier,fit,A,1,244,296
imbens/ensemble/_over_sampling/smote_boost.py,method,SMOTEBoostClassifier,fit,A,1,207,267
imbens/ensemble/_over_sampling/tests/test_kmeans_smote_boost.py,function,,imbalanced_dataset,A,1,20,31
imbens/ensemble/_over_sampling/tests/test_kmeans_smote_boost.py,function,,test_smoteboost_sample_weight,A,1,80,96
imbens/ensemble/_over_sampling/tests/test_over_bagging.py,function,,test_probability,A,1,133,156
imbens/ensemble/_over_sampling/tests/test_over_bagging.py,function,,test_single_estimator,A,1,200,223
imbens/ensemble/_over_sampling/tests/test_over_bagging.py,function,,test_gridsearch,A,1,226,240
imbens/ensemble/_over_sampling/tests/test_over_bagging.py,function,,test_bagging_with_pipeline,A,1,272,283
imbens/ensemble/_over_sampling/tests/test_over_bagging.py,function,,test_warm_start_smaller_n_estimators,A,1,314,321
imbens/ensemble/_over_sampling/tests/test_over_bagging.py,function,,test_warm_start_equal_n_estimators,A,1,324,339
imbens/ensemble/_over_sampling/tests/test_over_bagging.py,function,,test_warm_start_equivalence,A,1,342,358
imbens/ensemble/_over_sampling/tests/test_over_bagging.py,function,,test_warm_start_with_oob_score_fails,A,1,361,366
imbens/ensemble/_over_sampling/tests/test_over_bagging.py,function,,test_oob_score_removed_on_warm_start,A,1,369,379
imbens/ensemble/_over_sampling/tests/test_over_boost.py,function,,imbalanced_dataset,A,1,20,31
imbens/ensemble/_over_sampling/tests/test_over_boost.py,function,,test_overboost_sample_weight,A,1,80,96
imbens/ensemble/_over_sampling/tests/test_smote_bagging.py,function,,test_probability,A,1,133,156
imbens/ensemble/_over_sampling/tests/test_smote_bagging.py,function,,test_single_estimator,A,1,200,223
imbens/ensemble/_over_sampling/tests/test_smote_bagging.py,function,,test_gridsearch,A,1,226,240
imbens/ensemble/_over_sampling/tests/test_smote_bagging.py,function,,test_bagging_with_pipeline,A,1,272,283
imbens/ensemble/_over_sampling/tests/test_smote_bagging.py,function,,test_warm_start_smaller_n_estimators,A,1,315,322
imbens/ensemble/_over_sampling/tests/test_smote_bagging.py,function,,test_warm_start_equal_n_estimators,A,1,325,342
imbens/ensemble/_over_sampling/tests/test_smote_bagging.py,function,,test_warm_start_equivalence,A,1,345,365
imbens/ensemble/_over_sampling/tests/test_smote_bagging.py,function,,test_warm_start_with_oob_score_fails,A,1,368,373
imbens/ensemble/_over_sampling/tests/test_smote_bagging.py,function,,test_oob_score_removed_on_warm_start,A,1,376,386
imbens/ensemble/_over_sampling/tests/test_smote_boost.py,function,,imbalanced_dataset,A,1,20,31
imbens/ensemble/_over_sampling/tests/test_smote_boost.py,function,,test_smoteboost_sample_weight,A,1,80,96
imbens/ensemble/_reweighting/adacost.py,method,AdaCostClassifier,__init__,A,1,148,169
imbens/ensemble/_reweighting/adacost.py,method,AdaCostClassifier,_compute_mult_in_exp_weights_array,A,1,171,185
imbens/ensemble/_reweighting/adacost.py,method,AdaCostClassifier,_validate_cost_matrix,A,1,206,212
imbens/ensemble/_reweighting/adacost.py,method,AdaCostClassifier,fit,A,1,220,276
imbens/ensemble/_reweighting/adauboost.py,method,AdaUBoostClassifier,__init__,A,1,153,172
imbens/ensemble/_reweighting/adauboost.py,method,AdaUBoostClassifier,_set_class_weights,A,1,251,268
imbens/ensemble/_reweighting/adauboost.py,method,AdaUBoostClassifier,_preprocess_sample_weight,A,1,272,284
imbens/ensemble/_reweighting/adauboost.py,method,AdaUBoostClassifier,fit,A,1,292,353
imbens/ensemble/_reweighting/asymmetric_boost.py,method,AsymBoostClassifier,__init__,A,1,142,163
imbens/ensemble/_reweighting/asymmetric_boost.py,method,AsymBoostClassifier,_compute_mult_out_exp_weights_array,A,1,165,179
imbens/ensemble/_reweighting/asymmetric_boost.py,method,AsymBoostClassifier,_validate_cost_matrix,A,1,208,216
imbens/ensemble/_reweighting/tests/test_adacost.py,function,,imbalanced_dataset,A,1,22,33
imbens/ensemble/_reweighting/tests/test_adacost.py,function,,test_sample_weight,A,1,77,107
imbens/ensemble/_reweighting/tests/test_adauboost.py,function,,imbalanced_dataset,A,1,24,35
imbens/ensemble/_reweighting/tests/test_adauboost.py,function,,test_sample_weight,A,1,79,109
imbens/ensemble/_reweighting/tests/test_asymmetric_boost.py,function,,imbalanced_dataset,A,1,22,33
imbens/ensemble/_reweighting/tests/test_asymmetric_boost.py,function,,test_sample_weight,A,1,77,107
imbens/ensemble/_under_sampling/balanced_random_forest.py,method,BalancedRandomForestClassifier,__init__,A,1,327,378
imbens/ensemble/_under_sampling/balanced_random_forest.py,method,BalancedRandomForestClassifier,_more_tags,A,1,740,741
imbens/ensemble/_under_sampling/balanced_random_forest.py,method,BalancedRandomForestClassifier,__sklearn_tags__,A,1,743,746
imbens/ensemble/_under_sampling/balanced_random_forest.py,method,BalancedRandomForestClassifier,predict_log_proba,A,1,749,750
imbens/ensemble/_under_sampling/balanced_random_forest.py,method,BalancedRandomForestClassifier,predict_proba,A,1,753,754
imbens/ensemble/_under_sampling/balance_cascade.py,method,BalanceCascadeClassifier,__init__,A,1,160,187
imbens/ensemble/_under_sampling/balance_cascade.py,method,BalanceCascadeClassifier,fit,A,1,198,231
imbens/ensemble/_under_sampling/easy_ensemble.py,method,EasyEnsembleClassifier,fit,A,1,245,292
imbens/ensemble/_under_sampling/rus_boost.py,method,RUSBoostClassifier,__init__,A,1,155,185
imbens/ensemble/_under_sampling/rus_boost.py,method,RUSBoostClassifier,fit,A,1,196,254
imbens/ensemble/_under_sampling/self_paced_ensemble.py,method,SelfPacedEnsembleClassifier,__init__,A,1,171,202
imbens/ensemble/_under_sampling/self_paced_ensemble.py,method,SelfPacedEnsembleClassifier,fit,A,1,213,245
imbens/ensemble/_under_sampling/under_bagging.py,method,UnderBaggingClassifier,__init__,A,1,187,227
imbens/ensemble/_under_sampling/under_bagging.py,method,UnderBaggingClassifier,fit,A,1,235,284
imbens/ensemble/_under_sampling/tests/test_balanced_random_forest.py,function,,imbalanced_dataset,A,1,21,32
imbens/ensemble/_under_sampling/tests/test_balanced_random_forest.py,function,,test_balanced_random_forest_error_warning_warm_start,A,1,36,48
imbens/ensemble/_under_sampling/tests/test_balanced_random_forest.py,function,,test_balanced_random_forest_sample_weight,A,1,85,90
imbens/ensemble/_under_sampling/tests/test_balanced_random_forest.py,function,,test_balanced_random_forest_grid_search,A,1,119,122
imbens/ensemble/_under_sampling/tests/test_balance_cascade.py,function,,test_fit_target_label_target_samples_error,A,1,243,250
imbens/ensemble/_under_sampling/tests/test_easy_ensemble.py,function,,test_probability,A,1,147,171
imbens/ensemble/_under_sampling/tests/test_easy_ensemble.py,function,,test_single_estimator,A,1,216,240
imbens/ensemble/_under_sampling/tests/test_easy_ensemble.py,function,,test_gridsearch,A,1,243,258
imbens/ensemble/_under_sampling/tests/test_easy_ensemble.py,function,,test_bagging_with_pipeline,A,1,292,304
imbens/ensemble/_under_sampling/tests/test_easy_ensemble.py,function,,test_warm_start_smaller_n_estimators,A,1,335,342
imbens/ensemble/_under_sampling/tests/test_easy_ensemble.py,function,,test_warm_start_equal_n_estimators,A,1,345,360
imbens/ensemble/_under_sampling/tests/test_easy_ensemble.py,function,,test_warm_start_equivalence,A,1,363,379
imbens/ensemble/_under_sampling/tests/test_easy_ensemble.py,function,,test_warm_start_with_oob_score_fails,A,1,382,387
imbens/ensemble/_under_sampling/tests/test_easy_ensemble.py,function,,test_oob_score_removed_on_warm_start,A,1,390,400
imbens/ensemble/_under_sampling/tests/test_rus_boost.py,function,,imbalanced_dataset,A,1,22,33
imbens/ensemble/_under_sampling/tests/test_rus_boost.py,function,,test_rusboost_sample_weight,A,1,82,98
imbens/ensemble/_under_sampling/tests/test_self_paced_ensemble.py,function,,test_fit_target_label_target_samples_error,A,1,198,205
imbens/ensemble/_under_sampling/tests/test_under_bagging.py,function,,test_probability,A,1,133,156
imbens/ensemble/_under_sampling/tests/test_under_bagging.py,function,,test_single_estimator,A,1,200,223
imbens/ensemble/_under_sampling/tests/test_under_bagging.py,function,,test_gridsearch,A,1,226,240
imbens/ensemble/_under_sampling/tests/test_under_bagging.py,function,,test_bagging_with_pipeline,A,1,272,283
imbens/ensemble/_under_sampling/tests/test_under_bagging.py,function,,test_warm_start_smaller_n_estimators,A,1,314,321
imbens/ensemble/_under_sampling/tests/test_under_bagging.py,function,,test_warm_start_equal_n_estimators,A,1,324,339
imbens/ensemble/_under_sampling/tests/test_under_bagging.py,function,,test_warm_start_equivalence,A,1,342,358
imbens/ensemble/_under_sampling/tests/test_under_bagging.py,function,,test_warm_start_with_oob_score_fails,A,1,361,366
imbens/ensemble/_under_sampling/tests/test_under_bagging.py,function,,test_oob_score_removed_on_warm_start,A,1,369,379
imbens/metrics/pairwise.py,method,ValueDifferenceMetric,__init__,A,1,102,105
imbens/metrics/_classification.py,function,,sensitivity_score,A,1,290,387
imbens/metrics/_classification.py,function,,specificity_score,A,1,391,488
imbens/metrics/_classification.py,function,,make_index_balanced_accuracy,A,1,676,778
imbens/metrics/_classification.py,function,,decorate,A,1,726,776
imbens/metrics/tests/test_classification.py,function,,test_sensitivity_specificity_extra_labels,A,1,135,140
imbens/metrics/tests/test_classification.py,function,,test_sensitivity_specificity_error_multilabels,A,1,164,171
imbens/metrics/tests/test_classification.py,function,,test_sensitivity_specificity_support_errors,A,1,174,183
imbens/metrics/tests/test_classification.py,function,,test_sensitivity_specificity_unused_pos_label,A,1,186,192
imbens/metrics/tests/test_classification.py,function,,test_geometric_mean_support_binary,A,1,196,202
imbens/metrics/tests/test_classification.py,function,,test_iba_geo_mean_binary,A,1,293,301
imbens/metrics/tests/test_classification.py,function,,_format_report,A,1,304,305
imbens/metrics/tests/test_classification.py,function,,test_iba_error_y_score_prob_error,A,1,454,459
imbens/metrics/tests/test_pairwise.py,function,,data,A,1,16,27
imbens/metrics/tests/test_pairwise.py,function,,test_value_difference_metric_categories_error,A,1,128,140
imbens/metrics/tests/test_pairwise.py,function,,test_value_difference_value_unfitted,A,1,163,172
imbens/metrics/tests/test_score_objects.py,function,,data,A,1,23,25
imbens/sampler/base.py,function,,_identity,A,1,199,200
imbens/sampler/base.py,method,SamplerMixin,fit,A,1,50,73
imbens/sampler/base.py,method,SamplerMixin,_fit_resample,A,1,147,169
imbens/sampler/base.py,method,BaseSampler,__init__,A,1,179,180
imbens/sampler/base.py,method,BaseSampler,_more_tags,A,1,189,190
imbens/sampler/base.py,method,BaseSampler,__sklearn_tags__,A,1,192,196
imbens/sampler/base.py,method,FunctionSampler,__init__,A,1,269,274
imbens/sampler/tests/test_base_sampler.py,function,,dummy_sampling_func,A,1,121,122
imbens/sampler/_over_sampling/_adasyn.py,method,ADASYN,__init__,A,1,103,114
imbens/sampler/_over_sampling/_adasyn.py,method,ADASYN,_validate_estimator,A,1,116,121
imbens/sampler/_over_sampling/_adasyn.py,method,ADASYN,_more_tags,A,1,206,209
imbens/sampler/_over_sampling/_adasyn.py,method,ADASYN,__sklearn_tags__,A,1,212,216
imbens/sampler/_over_sampling/_random_over_sampler.py,method,RandomOverSampler,__init__,A,1,132,141
imbens/sampler/_over_sampling/_random_over_sampler.py,method,RandomOverSampler,_check_X_y,A,1,143,154
imbens/sampler/_over_sampling/_random_over_sampler.py,method,RandomOverSampler,_more_tags,A,1,276,280
imbens/sampler/_over_sampling/_random_over_sampler.py,method,RandomOverSampler,__sklearn_tags__,A,1,283,288
imbens/sampler/_over_sampling/tests/test_adasyn.py,function,,test_ada_fit_resample,A,1,50,85
imbens/sampler/_over_sampling/tests/test_adasyn.py,function,,test_ada_fit_resample_nn_obj,A,1,88,124
imbens/sampler/_over_sampling/tests/test_adasyn.py,function,,test_adasyn_error,A,1,134,137
imbens/sampler/_over_sampling/tests/test_random_over_sampler.py,function,,data,A,1,20,36
imbens/sampler/_over_sampling/tests/test_random_over_sampler.py,function,,test_random_over_sampling_heterogeneous_data_smoothed_bootstrap,A,1,174,184
imbens/sampler/_over_sampling/tests/test_random_over_sampler.py,function,,test_random_over_sampler_shrinkage_error,A,1,249,254
imbens/sampler/_over_sampling/_smote/base.py,method,BaseSMOTE,__init__,A,1,43,53
imbens/sampler/_over_sampling/_smote/base.py,method,BaseSMOTE,_validate_estimator,A,1,55,60
imbens/sampler/_over_sampling/_smote/base.py,method,BaseSMOTE,_make_samples,A,1,63,112
imbens/sampler/_over_sampling/_smote/base.py,method,SMOTE,__init__,A,1,283,295
imbens/sampler/_over_sampling/_smote/cluster.py,method,KMeansSMOTE,__init__,A,1,142,161
imbens/sampler/_over_sampling/_smote/filter.py,method,BorderlineSMOTE,__init__,A,1,127,144
imbens/sampler/_over_sampling/_smote/filter.py,method,SVMSMOTE,__init__,A,1,332,351
imbens/sampler/_over_sampling/_smote/tests/test_borderline_smote.py,function,,data,A,1,12,38
imbens/sampler/_over_sampling/_smote/tests/test_borderline_smote.py,function,,test_borderline_smote_wrong_kind,A,1,41,44
imbens/sampler/_over_sampling/_smote/tests/test_borderline_smote.py,function,,test_borderline_smote,A,1,48,61
imbens/sampler/_over_sampling/_smote/tests/test_kmeans_smote.py,function,,data,A,1,16,42
imbens/sampler/_over_sampling/_smote/tests/test_kmeans_smote.py,function,,test_sample_kmeans_not_enough_clusters,A,1,90,97
imbens/sampler/_over_sampling/_smote/tests/test_kmeans_smote.py,function,,test_sample_kmeans_density_estimation,A,1,102,111
imbens/sampler/_over_sampling/_smote/tests/test_kmeans_smote.py,function,,test_kmeans_smote_param_error,A,1,118,125
imbens/sampler/_over_sampling/_smote/tests/test_smote.py,function,,test_sample_regular,A,1,47,82
imbens/sampler/_over_sampling/_smote/tests/test_smote.py,function,,test_sample_regular_half,A,1,85,116
imbens/sampler/_over_sampling/_smote/tests/test_smote.py,function,,test_sample_regular_with_nn,A,1,119,155
imbens/sampler/_over_sampling/_smote/tests/test_svm_smote.py,function,,data,A,1,14,40
imbens/sampler/_over_sampling/_smote/tests/test_svm_smote.py,function,,test_svm_smote,A,1,43,56
imbens/sampler/_over_sampling/_smote/tests/test_svm_smote.py,function,,test_svm_smote_sample_weight,A,1,59,75
imbens/sampler/_under_sampling/_prototype_generation/_cluster_centroids.py,method,ClusterCentroids,__init__,A,1,105,116
imbens/sampler/_under_sampling/_prototype_generation/_cluster_centroids.py,method,ClusterCentroids,_more_tags,A,1,203,204
imbens/sampler/_under_sampling/_prototype_generation/_cluster_centroids.py,method,ClusterCentroids,__sklearn_tags__,A,1,206,209
imbens/sampler/_under_sampling/_prototype_generation/tests/test_cluster_centroids.py,function,,test_fit_resample_error,A,1,112,115
imbens/sampler/_under_sampling/_prototype_selection/_balance_cascade_under_sampler.py,method,BalanceCascadeUnderSampler,__init__,A,1,69,82
imbens/sampler/_under_sampling/_prototype_selection/_balance_cascade_under_sampler.py,method,BalanceCascadeUnderSampler,_check_X_y,A,1,84,95
imbens/sampler/_under_sampling/_prototype_selection/_balance_cascade_under_sampler.py,method,BalanceCascadeUnderSampler,_get_new_dropped_index_single_class,A,1,97,108
imbens/sampler/_under_sampling/_prototype_selection/_balance_cascade_under_sampler.py,method,BalanceCascadeUnderSampler,_undersample_single_class,A,1,110,119
imbens/sampler/_under_sampling/_prototype_selection/_balance_cascade_under_sampler.py,method,BalanceCascadeUnderSampler,fit_resample,A,1,122,168
imbens/sampler/_under_sampling/_prototype_selection/_balance_cascade_under_sampler.py,method,BalanceCascadeUnderSampler,_more_tags,A,1,282,286
imbens/sampler/_under_sampling/_prototype_selection/_balance_cascade_under_sampler.py,method,BalanceCascadeUnderSampler,__sklearn_tags__,A,1,289,294
imbens/sampler/_under_sampling/_prototype_selection/_condensed_nearest_neighbour.py,method,CondensedNearestNeighbour,__init__,A,1,112,125
imbens/sampler/_under_sampling/_prototype_selection/_condensed_nearest_neighbour.py,method,CondensedNearestNeighbour,_more_tags,A,1,234,235
imbens/sampler/_under_sampling/_prototype_selection/_condensed_nearest_neighbour.py,method,CondensedNearestNeighbour,__sklearn_tags__,A,1,237,240
imbens/sampler/_under_sampling/_prototype_selection/_edited_nearest_neighbours.py,method,EditedNearestNeighbours,__init__,A,1,116,127
imbens/sampler/_under_sampling/_prototype_selection/_edited_nearest_neighbours.py,method,EditedNearestNeighbours,_more_tags,A,1,184,185
imbens/sampler/_under_sampling/_prototype_selection/_edited_nearest_neighbours.py,method,EditedNearestNeighbours,__sklearn_tags__,A,1,187,190
imbens/sampler/_under_sampling/_prototype_selection/_edited_nearest_neighbours.py,method,RepeatedEditedNearestNeighbours,__init__,A,1,278,291
imbens/sampler/_under_sampling/_prototype_selection/_edited_nearest_neighbours.py,method,RepeatedEditedNearestNeighbours,_more_tags,A,1,382,383
imbens/sampler/_under_sampling/_prototype_selection/_edited_nearest_neighbours.py,method,RepeatedEditedNearestNeighbours,__sklearn_tags__,A,1,385,388
imbens/sampler/_under_sampling/_prototype_selection/_edited_nearest_neighbours.py,method,AllKNN,__init__,A,1,474,487
imbens/sampler/_under_sampling/_prototype_selection/_edited_nearest_neighbours.py,method,AllKNN,_more_tags,A,1,563,564
imbens/sampler/_under_sampling/_prototype_selection/_edited_nearest_neighbours.py,method,AllKNN,__sklearn_tags__,A,1,566,569
imbens/sampler/_under_sampling/_prototype_selection/_instance_hardness_threshold.py,method,InstanceHardnessThreshold,__init__,A,1,113,126
imbens/sampler/_under_sampling/_prototype_selection/_instance_hardness_threshold.py,method,InstanceHardnessThreshold,_more_tags,A,1,206,207
imbens/sampler/_under_sampling/_prototype_selection/_instance_hardness_threshold.py,method,InstanceHardnessThreshold,__sklearn_tags__,A,1,209,212
imbens/sampler/_under_sampling/_prototype_selection/_nearmiss.py,method,NearMiss,__init__,A,1,108,121
imbens/sampler/_under_sampling/_prototype_selection/_nearmiss.py,method,NearMiss,_more_tags,A,1,301,306
imbens/sampler/_under_sampling/_prototype_selection/_nearmiss.py,method,NearMiss,__sklearn_tags__,A,1,311,314
imbens/sampler/_under_sampling/_prototype_selection/_neighbourhood_cleaning_rule.py,method,NeighbourhoodCleaningRule,__init__,A,1,120,133
imbens/sampler/_under_sampling/_prototype_selection/_neighbourhood_cleaning_rule.py,method,NeighbourhoodCleaningRule,_more_tags,A,1,214,215
imbens/sampler/_under_sampling/_prototype_selection/_neighbourhood_cleaning_rule.py,method,NeighbourhoodCleaningRule,__sklearn_tags__,A,1,217,220
imbens/sampler/_under_sampling/_prototype_selection/_one_sided_selection.py,method,OneSidedSelection,__init__,A,1,110,123
imbens/sampler/_under_sampling/_prototype_selection/_one_sided_selection.py,method,OneSidedSelection,_more_tags,A,1,201,202
imbens/sampler/_under_sampling/_prototype_selection/_one_sided_selection.py,method,OneSidedSelection,__sklearn_tags__,A,1,204,207
imbens/sampler/_under_sampling/_prototype_selection/_random_under_sampler.py,method,RandomUnderSampler,__init__,A,1,85,90
imbens/sampler/_under_sampling/_prototype_selection/_random_under_sampler.py,method,RandomUnderSampler,_check_X_y,A,1,92,103
imbens/sampler/_under_sampling/_prototype_selection/_random_under_sampler.py,method,RandomUnderSampler,_more_tags,A,1,174,178
imbens/sampler/_under_sampling/_prototype_selection/_random_under_sampler.py,method,RandomUnderSampler,__sklearn_tags__,A,1,181,187
imbens/sampler/_under_sampling/_prototype_selection/_self_paced_under_sampler.py,method,SelfPacedUnderSampler,_check_X_y,A,1,109,120
imbens/sampler/_under_sampling/_prototype_selection/_self_paced_under_sampler.py,method,SelfPacedUnderSampler,fit_resample,A,1,122,161
imbens/sampler/_under_sampling/_prototype_selection/_self_paced_under_sampler.py,method,SelfPacedUnderSampler,_more_tags,A,1,356,360
imbens/sampler/_under_sampling/_prototype_selection/_self_paced_under_sampler.py,method,SelfPacedUnderSampler,__sklearn_tags__,A,1,363,369
imbens/sampler/_under_sampling/_prototype_selection/_tomek_links.py,method,TomekLinks,__init__,A,1,88,90
imbens/sampler/_under_sampling/_prototype_selection/_tomek_links.py,method,TomekLinks,_more_tags,A,1,156,157
imbens/sampler/_under_sampling/_prototype_selection/_tomek_links.py,method,TomekLinks,__sklearn_tags__,A,1,159,162
imbens/sampler/_under_sampling/_prototype_selection/tests/test_allknn.py,function,,test_allknn_fit_resample,A,1,105,172
imbens/sampler/_under_sampling/_prototype_selection/tests/test_allknn.py,function,,test_allknn_fit_resample_mode,A,1,196,271
imbens/sampler/_under_sampling/_prototype_selection/tests/test_allknn.py,function,,test_allknn_fit_resample_with_nn_object,A,1,274,350
imbens/sampler/_under_sampling/_prototype_selection/tests/test_allknn.py,function,,test_alknn_not_good_object,A,1,353,357
imbens/sampler/_under_sampling/_prototype_selection/tests/test_balance_cascade_under_sampler.py,function,,test_bcus_no_sufficient_data,A,1,182,197
imbens/sampler/_under_sampling/_prototype_selection/tests/test_condensed_nearest_neighbour.py,function,,test_cnn_fit_resample,A,1,48,68
imbens/sampler/_under_sampling/_prototype_selection/tests/test_condensed_nearest_neighbour.py,function,,test_cnn_fit_resample_with_object,A,1,71,97
imbens/sampler/_under_sampling/_prototype_selection/tests/test_condensed_nearest_neighbour.py,function,,test_cnn_fit_resample_with_wrong_object,A,1,100,104
imbens/sampler/_under_sampling/_prototype_selection/tests/test_edited_nearest_neighbours.py,function,,test_enn_fit_resample,A,1,49,66
imbens/sampler/_under_sampling/_prototype_selection/tests/test_edited_nearest_neighbours.py,function,,test_enn_fit_resample_mode,A,1,69,93
imbens/sampler/_under_sampling/_prototype_selection/tests/test_edited_nearest_neighbours.py,function,,test_enn_fit_resample_with_nn_object,A,1,96,121
imbens/sampler/_under_sampling/_prototype_selection/tests/test_edited_nearest_neighbours.py,function,,test_enn_not_good_object,A,1,124,128
imbens/sampler/_under_sampling/_prototype_selection/tests/test_instance_hardness_threshold.py,function,,test_iht_fit_resample_wrong_class_obj,A,1,77,83
imbens/sampler/_under_sampling/_prototype_selection/tests/test_nearmiss.py,function,,test_nearmiss_error,A,1,52,55
imbens/sampler/_under_sampling/_prototype_selection/tests/test_neighbourhood_cleaning_rule.py,function,,test_ncr_error,A,1,42,45
imbens/sampler/_under_sampling/_prototype_selection/tests/test_neighbourhood_cleaning_rule.py,function,,test_ncr_fit_resample,A,1,48,68
imbens/sampler/_under_sampling/_prototype_selection/tests/test_neighbourhood_cleaning_rule.py,function,,test_ncr_fit_resample_mode,A,1,71,91
imbens/sampler/_under_sampling/_prototype_selection/tests/test_one_sided_selection.py,function,,test_oss_fit_resample,A,1,44,66
imbens/sampler/_under_sampling/_prototype_selection/tests/test_one_sided_selection.py,function,,test_oss_with_object,A,1,69,97
imbens/sampler/_under_sampling/_prototype_selection/tests/test_one_sided_selection.py,function,,test_oss_with_wrong_object,A,1,100,104
imbens/sampler/_under_sampling/_prototype_selection/tests/test_random_under_sampler.py,function,,test_rus_fit_resample_half,A,1,62,86
imbens/sampler/_under_sampling/_prototype_selection/tests/test_repeated_edited_nearest_neighbours.py,function,,test_renn_iter_wrong,A,1,111,115
imbens/sampler/_under_sampling/_prototype_selection/tests/test_repeated_edited_nearest_neighbours.py,function,,test_renn_not_good_object,A,1,331,335
imbens/sampler/_under_sampling/_prototype_selection/tests/test_self_paced_under_sampler.py,function,,test_spus_negative_alpha,A,1,139,153
imbens/sampler/_under_sampling/_prototype_selection/tests/test_self_paced_under_sampler.py,function,,test_spus_negative_k_bins,A,1,157,163
imbens/sampler/_under_sampling/_prototype_selection/tests/test_tomek_links.py,function,,test_tl_fit_resample,A,1,43,70
imbens/utils/estimator_checks.py,function,,_yield_classifier_checks,A,1,64,65
imbens/utils/estimator_checks.py,function,,parametrize_with_checks,A,1,86,126
imbens/utils/estimator_checks.py,function,,_generate_check_ids,A,1,130,135
imbens/utils/estimator_checks.py,function,,check_target_type,A,1,138,151
imbens/utils/estimator_checks.py,function,,check_samplers_2d_target,A,1,343,354
imbens/utils/estimator_checks.py,function,,check_classifier_on_multilabel_or_multioutput_targets,A,1,419,424
imbens/utils/_docstring.py,function,,_get_example_docstring,A,1,354,355
imbens/utils/_docstring.py,method,Substitution,__call__,A,1,33,35
imbens/utils/_docstring.py,method,FuncSubstitution,__call__,A,1,81,83
imbens/utils/_docstring.py,method,FuncGlossarySubstitution,__init__,A,1,93,96
imbens/utils/_plot.py,function,,plot_online_figure,A,1,134,139
imbens/utils/_validation.py,function,,_count_class_sample,A,1,113,115
imbens/utils/_validation.py,method,ArraysTransformer,__init__,A,1,47,49
imbens/utils/_validation.py,method,ArraysTransformer,transform,A,1,51,54
imbens/utils/_validation.py,method,ArraysTransformer,_gets_props,A,1,56,62
imbens/utils/tests/test_deprecation.py,function,,test_deprecate_parameter,A,1,17,21
imbens/utils/tests/test_deprecation.py,method,Sampler,__init__,A,1,12,14
imbens/utils/tests/test_docstring.py,function,,func,A,1,21,30
imbens/utils/tests/test_docstring.py,method,cls,__init__,A,1,53,55
imbens/utils/tests/test_estimator_checks.py,function,,test_check_samplers_string,A,1,97,99
imbens/utils/tests/test_estimator_checks.py,function,,test_check_samplers_nan,A,1,102,104
imbens/utils/tests/test_estimator_checks.py,function,,_test_single_check,A,1,116,121
imbens/utils/tests/test_estimator_checks.py,function,,test_all_checks,A,1,124,128
imbens/utils/tests/test_estimator_checks.py,method,BaseBadSampler,fit,A,1,33,34
imbens/utils/tests/test_estimator_checks.py,method,BaseBadSampler,fit_resample,A,1,36,39
imbens/utils/tests/test_estimator_checks.py,method,SamplerSingleClass,fit_resample,A,1,47,48
imbens/utils/tests/test_estimator_checks.py,method,SamplerSingleClass,_fit_resample,A,1,50,51
imbens/utils/tests/test_estimator_checks.py,method,NotFittedSampler,fit,A,1,57,59
imbens/utils/tests/test_estimator_checks.py,method,NoAcceptingSparseSampler,fit,A,1,65,68
imbens/utils/tests/test_estimator_checks.py,method,NotPreservingDtypeSampler,_fit_resample,A,1,74,75
imbens/utils/tests/test_estimator_checks.py,method,IndicesSampler,_check_X_y,A,1,79,89
imbens/utils/tests/test_estimator_checks.py,method,IndicesSampler,_fit_resample,A,1,91,94
imbens/utils/tests/test_plot.py,function,,test_plot_scatter,A,1,38,39
imbens/utils/tests/test_plot.py,function,,test_plot_class_distribution,A,1,42,43
imbens/utils/tests/test_plot.py,function,,test_plot_2Dprojection_and_cardinality,A,1,46,47
imbens/utils/tests/test_validation.py,function,,test_check_target_type,A,1,51,53
imbens/utils/tests/test_validation.py,function,,test_check_sampling_strategy_warning,A,1,72,75
imbens/utils/tests/test_validation.py,function,,test_check_sampling_strategy_error,A,1,110,120
imbens/utils/tests/test_validation.py,function,,test_check_sampling_strategy_error_wrong_string,A,1,130,137
imbens/utils/tests/test_validation.py,function,,test_sampling_strategy_class_target_unknown,A,1,148,151
imbens/utils/tests/test_validation.py,function,,test_sampling_strategy_dict_error,A,1,154,176
imbens/utils/tests/test_validation.py,function,,test_sampling_strategy_float_error_not_in_range,A,1,180,183
imbens/utils/tests/test_validation.py,function,,test_sampling_strategy_float_error_not_binary,A,1,186,190
imbens/utils/tests/test_validation.py,function,,test_sampling_strategy_list_error_not_clean_sampling,A,1,194,198
imbens/utils/tests/test_validation.py,function,,test_sampling_strategy_dict_over_sampling,A,1,258,267
imbens/utils/tests/test_validation.py,function,,test_deprecate_positional_args_warns_for_function,A,1,362,386
imbens/utils/tests/test_validation.py,function,,f1,A,1,364,365
imbens/utils/tests/test_validation.py,function,,f2,A,1,374,375
imbens/utils/tests/test_validation.py,function,,f3,A,1,382,383
imbens/utils/tests/test_validation_param.py,function,,dummy_schedule,A,1,129,133
imbens/utils/tests/test_validation_param.py,function,,error_schedule,A,1,136,140
imbens/visualizer/visualizer.py,method,ImbalancedEnsembleVisualizer,_get_boost_predict_proba,A,1,381,398
imbens/visualizer/tests/test_visualizer.py,function,,test_performance_curve,A,1,69,113
imbens/visualizer/tests/test_visualizer.py,function,,test_confusion_matrix_heatmap,A,1,117,139
imbens/visualizer/tests/test_visualizer.py,function,,test_performance_curve_grid,A,1,164,165
imbens/visualizer/tests/test_visualizer.py,function,,test_confusion_matrix_heatmap_grid,A,1,182,183
imbens/pipeline.py,function,,_fit_resample_one,A,2,427,438
imbens/pipeline.py,method,Pipeline,_iter,A,2,170,181
imbens/datasets/tests/test_imbalance.py,function,,test_make_imbalance_dict,A,2,50,50
imbens/ensemble/base.py,function,,_parallel_decision_function,A,2,434,438
imbens/ensemble/base.py,method,ImbalancedEnsembleClassifierMixin,_training_log_add_block,A,2,221,231
imbens/ensemble/base.py,method,ImbalancedEnsembleClassifierMixin,_training_log_to_console_parallel,A,2,394,409
imbens/ensemble/base.py,method,BaseImbalancedEnsemble,decision_function,A,2,687,731
imbens/ensemble/_bagging.py,function,,_generate_indices,A,2,76,86
imbens/ensemble/_boost.py,method,ResampleBoostClassifier,_validate_estimator,A,2,104,124
imbens/ensemble/_boost.py,method,ResampleBoostClassifier,_boost,A,2,148,227
imbens/ensemble/_boost.py,method,ReweightBoostClassifier,_validate_cost_matrix,A,2,707,718
imbens/ensemble/tests/test_base_ensemble.py,function,,test_evaluate_verbose,A,2,49,76
imbens/ensemble/tests/test_base_ensemble.py,function,,test_evaluate_eval_datasets,A,2,85,109
imbens/ensemble/_compatible/tests/test_bagging_compatible.py,function,,test_balanced_bagging_classifier,A,2,56,73
imbens/ensemble/_compatible/tests/test_bagging_compatible.py,function,,test_bootstrap_samples,A,2,76,76
imbens/ensemble/_compatible/tests/test_bagging_compatible.py,function,,test_oob_score_consistency,A,2,384,384
imbens/ensemble/_compatible/tests/test_bagging_compatible.py,function,,test_max_samples_consistency,A,2,441,441
imbens/ensemble/_over_sampling/kmeans_smote_boost.py,method,KmeansSMOTEBoostClassifier,__init__,A,2,177,221
imbens/ensemble/_over_sampling/smote_bagging.py,method,SMOTEBaggingClassifier,__init__,A,2,187,235
imbens/ensemble/_over_sampling/smote_boost.py,method,SMOTEBoostClassifier,__init__,A,2,159,195
imbens/ensemble/_over_sampling/tests/test_over_bagging.py,function,,test_balanced_bagging_classifier,A,2,57,74
imbens/ensemble/_over_sampling/tests/test_over_bagging.py,function,,test_bootstrap_samples,A,2,77,77
imbens/ensemble/_over_sampling/tests/test_over_bagging.py,function,,test_oob_score_consistency,A,2,382,382
imbens/ensemble/_over_sampling/tests/test_over_bagging.py,function,,test_max_samples_consistency,A,2,439,439
imbens/ensemble/_over_sampling/tests/test_smote_bagging.py,function,,test_balanced_bagging_classifier,A,2,57,74
imbens/ensemble/_over_sampling/tests/test_smote_bagging.py,function,,test_bootstrap_samples,A,2,77,77
imbens/ensemble/_over_sampling/tests/test_smote_bagging.py,function,,test_oob_score_consistency,A,2,389,389
imbens/ensemble/_over_sampling/tests/test_smote_bagging.py,function,,test_max_samples_consistency,A,2,446,446
imbens/ensemble/_reweighting/adacost.py,method,AdaCostClassifier,_cost_matrix_to_misclassification_weights,A,2,187,204
imbens/ensemble/_reweighting/adauboost.py,method,AdaUBoostClassifier,_compute_mult_in_exp_weights_array,A,2,175,194
imbens/ensemble/_reweighting/asymmetric_boost.py,method,AsymBoostClassifier,_cost_matrix_to_asymmetric_weights,A,2,181,206
imbens/ensemble/_under_sampling/balanced_random_forest.py,method,BalancedRandomForestClassifier,_set_oob_score_and_attributes,A,2,652,668
imbens/ensemble/_under_sampling/balance_cascade.py,method,BalanceCascadeClassifier,_update_cached_prediction_probabilities,A,2,384,399
imbens/ensemble/_under_sampling/self_paced_ensemble.py,method,SelfPacedEnsembleClassifier,_update_cached_prediction_probabilities,A,2,378,393
imbens/ensemble/_under_sampling/tests/test_balanced_random_forest.py,function,,test_balanced_random_forest_attributes,A,2,62,82
imbens/ensemble/_under_sampling/tests/test_balanced_random_forest.py,function,,test_little_tree_with_small_max_samples,A,2,125,125
imbens/ensemble/_under_sampling/tests/test_balanced_random_forest.py,function,,test_balanced_random_forest_pruning,A,2,155,155
imbens/ensemble/_under_sampling/tests/test_balanced_random_forest.py,function,,test_balanced_random_forest_oob_binomial,A,2,169,169
imbens/ensemble/_under_sampling/tests/test_balance_cascade.py,function,,test_estimator_init,A,2,52,61
imbens/ensemble/_under_sampling/tests/test_easy_ensemble.py,function,,test_bootstrap_samples,A,2,88,88
imbens/ensemble/_under_sampling/tests/test_easy_ensemble.py,function,,test_oob_score_consistency,A,2,403,403
imbens/ensemble/_under_sampling/tests/test_easy_ensemble.py,function,,test_max_samples_consistency,A,2,462,462
imbens/ensemble/_under_sampling/tests/test_under_bagging.py,function,,test_balanced_bagging_classifier,A,2,57,74
imbens/ensemble/_under_sampling/tests/test_under_bagging.py,function,,test_bootstrap_samples,A,2,77,77
imbens/ensemble/_under_sampling/tests/test_under_bagging.py,function,,test_oob_score_consistency,A,2,382,382
imbens/ensemble/_under_sampling/tests/test_under_bagging.py,function,,test_max_samples_consistency,A,2,439,439
imbens/metrics/tests/test_classification.py,function,,test_geometric_mean_multiclass,A,2,224,224
imbens/metrics/tests/test_classification.py,function,,test_geometric_mean_average,A,2,239,239
imbens/metrics/tests/test_classification.py,function,,test_geometric_mean_sample_weight,A,2,264,264
imbens/metrics/tests/test_classification.py,function,,test_geometric_mean_score_prediction,A,2,286,286
imbens/metrics/tests/test_classification.py,function,,test_classification_report_imbalanced_multiclass_with_unicode_label,A,2,398,398
imbens/metrics/tests/test_classification.py,function,,test_classification_report_imbalanced_multiclass_with_long_string_label,A,2,415,415
imbens/metrics/tests/test_classification.py,function,,test_iba_sklearn_metrics,A,2,442,442
imbens/metrics/tests/test_classification.py,function,,test_macro_averaged_mean_absolute_error,A,2,503,503
imbens/metrics/tests/test_classification.py,function,,test_macro_averaged_mean_absolute_error_sample_weight,A,2,508,508
imbens/metrics/tests/test_pairwise.py,function,,test_value_difference_metric_categories,A,2,111,125
imbens/metrics/tests/test_score_objects.py,function,,test_scorer_common_average,A,2,39,39
imbens/metrics/tests/test_score_objects.py,function,,test_scorer_default_average,A,2,68,68
imbens/sampler/base.py,method,BaseSampler,_check_X_y,A,2,182,187
imbens/sampler/base.py,method,FunctionSampler,fit,A,2,276,304
imbens/sampler/_over_sampling/tests/test_adasyn.py,function,,test_ada_init,A,2,44,44
imbens/sampler/_over_sampling/tests/test_random_over_sampler.py,function,,test_ros_init,A,2,39,39
imbens/sampler/_over_sampling/tests/test_random_over_sampler.py,function,,test_random_over_sampler_shrinkage_behaviour,A,2,222,222
imbens/sampler/_over_sampling/_smote/base.py,method,BaseSMOTE,_generate_samples,A,2,114,163
imbens/sampler/_over_sampling/_smote/filter.py,method,BorderlineSMOTE,_validate_estimator,A,2,146,156
imbens/sampler/_under_sampling/_prototype_generation/tests/test_cluster_centroids.py,function,,test_fit_resample_check_voting,A,2,39,39
imbens/sampler/_under_sampling/_prototype_selection/_edited_nearest_neighbours.py,method,EditedNearestNeighbours,_validate_estimator,A,2,129,137
imbens/sampler/_under_sampling/_prototype_selection/_edited_nearest_neighbours.py,method,RepeatedEditedNearestNeighbours,_validate_estimator,A,2,293,309
imbens/sampler/_under_sampling/_prototype_selection/_edited_nearest_neighbours.py,method,AllKNN,_validate_estimator,A,2,489,502
imbens/sampler/_under_sampling/_prototype_selection/_self_paced_under_sampler.py,method,SelfPacedUnderSampler,__init__,A,2,84,107
imbens/sampler/_under_sampling/_prototype_selection/_tomek_links.py,method,TomekLinks,_fit_resample,A,2,135,154
imbens/sampler/_under_sampling/_prototype_selection/tests/test_allknn.py,function,,test_all_knn_allow_minority,A,2,175,175
imbens/sampler/_under_sampling/_prototype_selection/tests/test_edited_nearest_neighbours.py,function,,test_enn_check_kind_selection,A,2,131,131
imbens/sampler/_under_sampling/_prototype_selection/tests/test_nearmiss.py,function,,test_nm_fit_resample_auto,A,2,58,110
imbens/sampler/_under_sampling/_prototype_selection/tests/test_nearmiss.py,function,,test_nm_fit_resample_float_sampling_strategy,A,2,113,172
imbens/sampler/_under_sampling/_prototype_selection/tests/test_nearmiss.py,function,,test_nm_fit_resample_nn_obj,A,2,175,232
imbens/sampler/_under_sampling/_prototype_selection/tests/test_repeated_edited_nearest_neighbours.py,function,,test_renn_fit_resample,A,2,118,118
imbens/sampler/_under_sampling/_prototype_selection/tests/test_repeated_edited_nearest_neighbours.py,function,,test_renn_fit_resample_mode_object,A,2,160,160
imbens/sampler/_under_sampling/_prototype_selection/tests/test_repeated_edited_nearest_neighbours.py,function,,test_renn_fit_resample_mode,A,2,245,245
imbens/sampler/_under_sampling/_prototype_selection/tests/test_repeated_edited_nearest_neighbours.py,function,,test_renn_iter_attribute,A,2,342,342
imbens/sampler/_under_sampling/_prototype_selection/tests/test_tomek_links.py,function,,test_tl_init,A,2,38,38
imbens/utils/estimator_checks.py,function,,check_samplers_fit,A,2,175,175
imbens/utils/estimator_checks.py,function,,check_samplers_sparse,A,2,249,266
imbens/utils/estimator_checks.py,function,,check_samplers_multiclass_ova,A,2,325,340
imbens/utils/_docstring.py,function,,_get_random_state_docstring,A,2,367,371
imbens/utils/_docstring.py,method,FuncSubstitution,__init__,A,2,75,79
imbens/utils/_plot.py,function,,set_ax_border,A,2,23,29
imbens/utils/_plot.py,function,,plot_2Dprojection_and_cardinality,A,2,99,131
imbens/utils/_validation_param.py,function,,_check_eval_metric_args,A,2,400,408
imbens/utils/_validation_param.py,function,,_check_eval_metric_name,A,2,411,417
imbens/utils/_validation_param.py,function,,_check_eval_metrics_dict,A,2,446,455
imbens/utils/_validation_param.py,function,,check_has_diff_elements,A,2,767,772
imbens/utils/tests/test_docstring.py,function,,test_docstring_inject,A,2,61,61
imbens/utils/tests/test_validation.py,function,,test_check_target_type_ova,A,2,64,64
imbens/utils/tests/test_validation.py,function,,test_check_sampling_strategy_float_error,A,2,101,107
imbens/utils/tests/test_validation.py,function,,_sampling_strategy_func,A,2,201,205
imbens/utils/tests/test_validation.py,function,,test_check_sampling_strategy,A,2,249,249
imbens/utils/tests/test_validation.py,function,,test_sampling_strategy_callable_args,A,2,270,270
imbens/utils/tests/test_validation.py,function,,sampling_strategy_func,A,2,274,278
imbens/utils/tests/test_validation.py,function,,test_sampling_strategy_check_order,A,2,302,302
imbens/visualizer/visualizer.py,function,,set_ax_border,A,2,91,98
imbens/visualizer/visualizer.py,method,ImbalancedEnsembleVisualizer,__init__,A,2,185,242
imbens/visualizer/visualizer.py,method,ImbalancedEnsembleVisualizer,_check_ensembles_stored_n_training_samples,A,2,314,341
imbens/pipeline.py,method,Pipeline,fit_transform,A,3,303,341
imbens/ensemble/base.py,method,BaseImbalancedEnsemble,_validate_estimator,A,3,519,542
imbens/ensemble/base.py,method,BaseImbalancedEnsemble,predict_proba,A,3,609,662
imbens/ensemble/base.py,function,,check,A,3,423,429
imbens/ensemble/_boost.py,method,ResampleBoostClassifier,_make_sampler,A,3,126,146
imbens/ensemble/_boost.py,method,ResampleBoostClassifier,_boost_real,A,3,230,293
imbens/ensemble/_boost.py,method,ResampleBoostClassifier,_boost_discrete,A,3,295,347
imbens/ensemble/_boost.py,method,ReweightBoostClassifier,_boost_real,A,3,720,796
imbens/ensemble/_boost.py,method,ReweightBoostClassifier,_boost_discrete,A,3,798,855
imbens/ensemble/_compatible/tests/test_bagging_compatible.py,function,,test_oob_score_classification,A,3,159,196
imbens/ensemble/_over_sampling/tests/test_over_bagging.py,function,,test_oob_score_classification,A,3,160,197
imbens/ensemble/_over_sampling/tests/test_smote_bagging.py,function,,test_oob_score_classification,A,3,160,197
imbens/ensemble/_reweighting/asymmetric_boost.py,method,AsymBoostClassifier,fit,A,3,224,290
imbens/ensemble/_under_sampling/balanced_random_forest.py,function,,_local_parallel_build_trees,A,3,86,118
imbens/ensemble/_under_sampling/balanced_random_forest.py,method,BalancedRandomForestClassifier,_make_sampler_estimator,A,3,403,416
imbens/ensemble/_under_sampling/easy_ensemble.py,method,EasyEnsembleClassifier,__init__,A,3,182,237
imbens/ensemble/_under_sampling/self_paced_ensemble.py,method,SelfPacedEnsembleClassifier,_fit,A,3,248,376
imbens/ensemble/_under_sampling/tests/test_balanced_random_forest.py,function,,test_balanced_random_forest_oob,A,3,94,116
imbens/ensemble/_under_sampling/tests/test_easy_ensemble.py,function,,test_oob_score_classification,A,3,175,213
imbens/ensemble/_under_sampling/tests/test_self_paced_ensemble.py,function,,test_fit_target_label,A,3,86,105
imbens/ensemble/_under_sampling/tests/test_under_bagging.py,function,,test_oob_score_classification,A,3,160,197
imbens/metrics/_classification.py,function,,macro_averaged_mean_absolute_error,A,3,988,1050
imbens/metrics/tests/test_classification.py,function,,test_sensitivity_specificity_f_binary_single_class,A,3,119,119
imbens/metrics/tests/test_classification.py,function,,test_sensitivity_specificity_ignored_labels,A,3,143,160
imbens/metrics/tests/test_classification.py,function,,test_classification_report_imbalanced_multiclass,A,3,308,308
imbens/metrics/tests/test_classification.py,function,,test_classification_report_imbalanced_multiclass_with_digits,A,3,339,339
imbens/metrics/tests/test_classification.py,function,,test_classification_report_imbalanced_multiclass_with_string_label,A,3,371,371
imbens/metrics/tests/test_classification.py,function,,test_classification_report_imbalanced_dict,A,3,462,462
imbens/sampler/base.py,method,FunctionSampler,_fit_resample,A,3,350,353
imbens/sampler/_over_sampling/_smote/base.py,method,BaseSMOTE,_in_danger_noise,A,3,165,211
imbens/sampler/_over_sampling/_smote/cluster.py,method,KMeansSMOTE,_find_cluster_sparsity,A,3,196,212
imbens/sampler/_over_sampling/_smote/filter.py,method,SVMSMOTE,_validate_estimator,A,3,353,365
imbens/sampler/_over_sampling/_smote/tests/test_smote.py,function,,test_smote_m_neighbors,A,3,161,161
imbens/sampler/_under_sampling/_prototype_generation/_cluster_centroids.py,method,ClusterCentroids,_validate_estimator,A,3,118,127
imbens/sampler/_under_sampling/_prototype_generation/_cluster_centroids.py,method,ClusterCentroids,_generate_sample,A,3,130,144
imbens/sampler/_under_sampling/_prototype_generation/tests/test_cluster_centroids.py,function,,test_fit_resample_auto,A,3,45,45
imbens/sampler/_under_sampling/_prototype_generation/tests/test_cluster_centroids.py,function,,test_fit_resample_half,A,3,53,53
imbens/sampler/_under_sampling/_prototype_generation/tests/test_cluster_centroids.py,function,,test_fit_resample_object,A,3,73,73
imbens/sampler/_under_sampling/_prototype_selection/_nearmiss.py,method,NearMiss,_validate_estimator,A,3,194,208
imbens/sampler/_under_sampling/_prototype_selection/tests/test_condensed_nearest_neighbour.py,function,,test_cnn_init,A,3,41,41
imbens/sampler/_under_sampling/_prototype_selection/tests/test_instance_hardness_threshold.py,function,,test_iht_init,A,3,38,38
imbens/sampler/_under_sampling/_prototype_selection/tests/test_instance_hardness_threshold.py,function,,test_iht_fit_resample,A,3,50,50
imbens/sampler/_under_sampling/_prototype_selection/tests/test_instance_hardness_threshold.py,function,,test_iht_fit_resample_half,A,3,57,57
imbens/sampler/_under_sampling/_prototype_selection/tests/test_instance_hardness_threshold.py,function,,test_iht_fit_resample_class_obj,A,3,69,69
imbens/sampler/_under_sampling/_prototype_selection/tests/test_instance_hardness_threshold.py,function,,test_iht_reproducibility,A,3,86,97
imbens/utils/estimator_checks.py,function,,check_samplers_list,A,3,302,322
imbens/utils/estimator_checks.py,function,,check_samplers_preserve_dtype,A,3,357,357
imbens/utils/estimator_checks.py,function,,check_samplers_sample_indices,A,3,374,385
imbens/utils/estimator_checks.py,function,,check_samplers_string,A,3,389,401
imbens/utils/estimator_checks.py,function,,checks_generator,A,3,116,121
imbens/utils/testing.py,function,,is_abstract,A,3,49,54
imbens/utils/_docstring.py,function,,_check_type_parameter,A,3,358,363
imbens/utils/_docstring.py,function,,_get_train_verbose_docstring,A,3,392,401
imbens/utils/_docstring.py,function,,_get_target_label_docstring,A,3,405,414
imbens/utils/_docstring.py,function,,_get_n_target_samples_docstring,A,3,418,427
imbens/utils/_docstring.py,method,FuncGlossarySubstitution,__call__,A,3,98,106
imbens/utils/_show_versions.py,function,,_get_deps_info,A,3,15,46
imbens/utils/_validation.py,function,,check_neighbors_object,A,3,82,110
imbens/utils/_validation_data.py,function,,_check_eval_datasets_name,A,3,19,33
imbens/utils/_validation_data.py,function,,_check_eval_datasets_tuple,A,3,36,51
imbens/utils/_validation_data.py,function,,_check_eval_datasets_dict,A,3,54,70
imbens/utils/_validation_data.py,function,,_all_elements_equal,A,3,73,79
imbens/utils/_validation_param.py,function,,check_n_target_samples,A,3,177,185
imbens/utils/_validation_param.py,function,,check_target_label,A,3,189,202
imbens/utils/_validation_param.py,function,,_check_eval_metric_tuple,A,3,420,442
imbens/utils/_validation_param.py,function,,check_eval_metrics,A,3,458,467
imbens/utils/_validation_param.py,function,,_all_elements_equal,A,3,728,739
imbens/utils/_validation_param.py,function,,check_type,A,3,775,781
imbens/utils/tests/test_docstring.py,function,,test_docstring_template,A,3,66,66
imbens/utils/tests/test_testing.py,function,,test_all_estimators,A,3,12,25
imbens/utils/tests/test_validation.py,function,,test_arrays_transformer_plain_list,A,3,312,312
imbens/utils/tests/test_validation.py,function,,test_arrays_transformer_numpy,A,3,322,322
imbens/visualizer/visualizer.py,method,ImbalancedEnsembleVisualizer,fit,A,3,245,312
imbens/visualizer/visualizer.py,method,ImbalancedEnsembleVisualizer,_get_ensemble_stored_n_training_samples,A,3,344,378
imbens/visualizer/visualizer.py,method,ImbalancedEnsembleVisualizer,_get_parallel_predict_proba,A,3,401,417
imbens/visualizer/visualizer.py,method,ImbalancedEnsembleVisualizer,_get_ensemble_predict_proba,A,3,420,436
imbens/visualizer/visualizer.py,method,ImbalancedEnsembleVisualizer,_split_ensembles_by_has_n_training_samples_,A,3,552,565
imbens/visualizer/visualizer.py,method,ImbalancedEnsembleVisualizer,_check_is_subset,A,3,837,854
imbens/pipeline.py,method,Pipeline,fit,A,4,261,301
imbens/pipeline.py,method,Pipeline,fit_resample,A,4,343,388
imbens/datasets/_openml.py,function,,get_data_path,A,4,56,68
imbens/datasets/tests/test_imbalance.py,function,,test_make_imbalanced_iris,A,4,70,70
imbens/ensemble/base.py,method,ImbalancedEnsembleClassifierMixin,_training_log_to_console_head,A,4,274,328
imbens/ensemble/base.py,method,BaseImbalancedEnsemble,_make_sampler,A,4,544,565
imbens/ensemble/_bagging.py,method,ResampleBaggingClassifier,_validate_y,A,4,241,258
imbens/ensemble/_compatible/tests/test_bagging_compatible.py,function,,test_estimator,A,4,241,241
imbens/ensemble/_compatible/tests/test_bagging_compatible.py,function,,test_estimators_samples,A,4,398,438
imbens/ensemble/_over_sampling/tests/test_kmeans_smote_boost.py,function,,test_smoteboost_k_neighbors,A,4,101,125
imbens/ensemble/_over_sampling/tests/test_over_bagging.py,function,,test_estimator,A,4,243,243
imbens/ensemble/_over_sampling/tests/test_over_bagging.py,function,,test_estimators_samples,A,4,396,436
imbens/ensemble/_over_sampling/tests/test_smote_bagging.py,function,,test_estimator,A,4,243,243
imbens/ensemble/_over_sampling/tests/test_smote_bagging.py,function,,test_estimators_samples,A,4,403,443
imbens/ensemble/_over_sampling/tests/test_smote_boost.py,function,,test_smoteboost_k_neighbors,A,4,101,125
imbens/ensemble/_reweighting/tests/test_adacost.py,function,,test_cost_matrix,A,4,114,160
imbens/ensemble/_reweighting/tests/test_adacost.py,function,,test_cost_matrix_customize,A,4,188,206
imbens/ensemble/_reweighting/tests/test_adauboost.py,function,,test_beta,A,4,116,148
imbens/ensemble/_reweighting/tests/test_asymmetric_boost.py,function,,test_cost_matrix_customize,A,4,192,210
imbens/ensemble/_under_sampling/balanced_random_forest.py,method,BalancedRandomForestClassifier,_validate_estimator,A,4,380,400
imbens/ensemble/_under_sampling/tests/test_easy_ensemble.py,function,,test_easy_ensemble_classifier,A,4,61,85
imbens/ensemble/_under_sampling/tests/test_easy_ensemble.py,function,,test_estimator,A,4,261,261
imbens/ensemble/_under_sampling/tests/test_easy_ensemble.py,function,,test_estimators_samples,A,4,418,459
imbens/ensemble/_under_sampling/tests/test_self_paced_ensemble.py,function,,test_fit_target_samples_int,A,4,119,146
imbens/ensemble/_under_sampling/tests/test_under_bagging.py,function,,test_estimator,A,4,243,243
imbens/ensemble/_under_sampling/tests/test_under_bagging.py,function,,test_estimators_samples,A,4,396,436
imbens/metrics/pairwise.py,method,ValueDifferenceMetric,pairwise,A,4,164,202
imbens/metrics/tests/test_classification.py,function,,make_prediction,A,4,46,87
imbens/metrics/tests/test_classification.py,function,,test_sensitivity_specificity_score_binary,A,4,94,110
imbens/metrics/tests/test_pairwise.py,function,,test_value_difference_metric,A,4,34,34
imbens/metrics/tests/test_pairwise.py,function,,test_value_difference_metric_missing_categories,A,4,143,159
imbens/sampler/_over_sampling/tests/test_random_over_sampler.py,function,,test_ros_fit_resample_half,A,4,86,111
imbens/sampler/_over_sampling/tests/test_random_over_sampler.py,function,,test_random_over_sampling_nan_inf,A,4,153,153
imbens/sampler/_over_sampling/_smote/tests/test_kmeans_smote.py,function,,test_kmeans_smote,A,4,45,45
imbens/sampler/_under_sampling/_prototype_generation/tests/test_cluster_centroids.py,function,,test_multiclass_fit_resample,A,4,61,61
imbens/sampler/_under_sampling/_prototype_generation/tests/test_cluster_centroids.py,function,,test_cluster_centroids_hard_target_class,A,4,118,118
imbens/sampler/_under_sampling/_prototype_selection/_condensed_nearest_neighbour.py,method,CondensedNearestNeighbour,_validate_estimator,A,4,127,141
imbens/sampler/_under_sampling/_prototype_selection/_instance_hardness_threshold.py,method,InstanceHardnessThreshold,_fit_resample,A,4,150,204
imbens/sampler/_under_sampling/_prototype_selection/_neighbourhood_cleaning_rule.py,method,NeighbourhoodCleaningRule,_validate_estimator,A,4,135,148
imbens/sampler/_under_sampling/_prototype_selection/_one_sided_selection.py,method,OneSidedSelection,_validate_estimator,A,4,125,139
imbens/sampler/_under_sampling/_prototype_selection/_one_sided_selection.py,method,OneSidedSelection,_fit_resample,A,4,142,199
imbens/sampler/_under_sampling/_prototype_selection/tests/test_edited_nearest_neighbours.py,function,,test_enn_init,A,4,41,41
imbens/sampler/_under_sampling/_prototype_selection/tests/test_one_sided_selection.py,function,,test_oss_init,A,4,36,36
imbens/sampler/_under_sampling/_prototype_selection/tests/test_random_under_sampler.py,function,,test_rus_fit_resample,A,4,33,59
imbens/sampler/_under_sampling/_prototype_selection/tests/test_random_under_sampler.py,function,,test_multiclass_fit_resample,A,4,89,89
imbens/sampler/_under_sampling/_prototype_selection/tests/test_random_under_sampler.py,function,,test_random_under_sampling_heterogeneous_data,A,4,101,101
imbens/sampler/_under_sampling/_prototype_selection/tests/test_random_under_sampler.py,function,,test_random_under_sampling_nan_inf,A,4,114,114
imbens/sampler/_under_sampling/_prototype_selection/tests/test_repeated_edited_nearest_neighbours.py,function,,test_renn_init,A,4,103,103
imbens/sampler/_under_sampling/_prototype_selection/tests/test_self_paced_under_sampler.py,function,,test_spus_no_sufficient_data,A,4,170,200
imbens/utils/deprecation.py,function,,deprecate_parameter,A,4,11,53
imbens/utils/estimator_checks.py,function,,check_samplers_one_label,A,4,154,172
imbens/utils/estimator_checks.py,function,,check_samplers_nan,A,4,404,404
imbens/utils/_docstring.py,method,Substitution,__init__,A,4,27,31
imbens/utils/_evaluate.py,function,,evaluate_print,A,4,27,114
imbens/utils/_plot.py,function,,plot_class_distribution,A,4,73,96
imbens/utils/_validation.py,function,,check_target_type,A,4,118,153
imbens/utils/_validation.py,function,,_sampling_strategy_auto,A,4,268,274
imbens/utils/_validation.py,function,,_sampling_strategy_list,A,4,340,361
imbens/utils/_validation.py,function,,_deprecate_positional_args,A,4,576,615
imbens/utils/_validation.py,function,,inner_f,A,4,598,613
imbens/utils/_validation.py,method,ArraysTransformer,_transfrom_one,A,4,64,79
imbens/utils/_validation_param.py,function,,_uniform_schedule,A,4,262,277
imbens/utils/_validation_param.py,function,,_check_visualizer_ensemble_item,A,4,574,592
imbens/utils/tests/test_estimator_checks.py,function,,test_all_classifiers,A,4,152,161
imbens/utils/tests/test_validation.py,function,,test_arrays_transformer_pandas,A,4,332,359
imbens/utils/tests/test_validation_param.py,function,,test_check_balancing_schedule,A,4,154,165
imbens/visualizer/visualizer.py,method,ImbalancedEnsembleVisualizer,_collect_all_ensemble_performance_data,A,4,536,548
imbens/pipeline.py,method,Pipeline,_check_fit_params,A,5,183,196
imbens/datasets/_imbalance.py,function,,make_imbalance,A,5,22,117
imbens/ensemble/base.py,method,ImbalancedEnsembleClassifierMixin,_init_training_log_format,A,5,182,219
imbens/ensemble/_compatible/tests/test_bagging_compatible.py,function,,test_bootstrap_features,A,5,99,99
imbens/ensemble/_compatible/tests/test_bagging_compatible.py,function,,test_warm_start,A,5,284,284
imbens/ensemble/_over_sampling/tests/test_over_bagging.py,function,,test_bootstrap_features,A,5,100,100
imbens/ensemble/_over_sampling/tests/test_over_bagging.py,function,,test_warm_start,A,5,286,286
imbens/ensemble/_over_sampling/tests/test_smote_bagging.py,function,,test_bootstrap_features,A,5,100,100
imbens/ensemble/_over_sampling/tests/test_smote_bagging.py,function,,test_warm_start,A,5,286,286
imbens/ensemble/_reweighting/adauboost.py,method,AdaUBoostClassifier,_set_beta,A,5,234,248
imbens/ensemble/_reweighting/tests/test_adauboost.py,function,,test_beta_customize,A,5,161,183
imbens/ensemble/_reweighting/tests/test_asymmetric_boost.py,function,,test_cost_matrix,A,5,114,164
imbens/ensemble/_under_sampling/tests/test_balanced_random_forest.py,function,,test_balanced_random_forest,A,5,51,51
imbens/ensemble/_under_sampling/tests/test_balance_cascade.py,function,,test_fit_target_label,A,5,74,104
imbens/ensemble/_under_sampling/tests/test_easy_ensemble.py,function,,test_bootstrap_features,A,5,112,112
imbens/ensemble/_under_sampling/tests/test_easy_ensemble.py,function,,test_warm_start,A,5,307,307
imbens/ensemble/_under_sampling/tests/test_self_paced_ensemble.py,function,,test_fit_target_samples_dict,A,5,159,193
imbens/ensemble/_under_sampling/tests/test_under_bagging.py,function,,test_bootstrap_features,A,5,100,100
imbens/ensemble/_under_sampling/tests/test_under_bagging.py,function,,test_warm_start,A,5,286,286
imbens/sampler/base.py,method,FunctionSampler,fit_resample,A,5,306,348
imbens/sampler/_over_sampling/tests/test_random_over_sampler.py,function,,test_random_over_sampling_heterogeneous_data,A,5,137,137
imbens/sampler/_over_sampling/tests/test_random_over_sampler.py,function,,test_random_over_sampler_smoothed_bootstrap,A,5,188,198
imbens/sampler/_over_sampling/tests/test_random_over_sampler.py,function,,test_random_over_sampler_equivalence_shrinkage,A,5,202,202
imbens/sampler/_over_sampling/_smote/base.py,method,SMOTE,_fit_resample,A,5,298,334
imbens/sampler/_over_sampling/_smote/tests/test_kmeans_smote.py,function,,test_sample_kmeans_custom,A,5,75,75
imbens/sampler/_under_sampling/_prototype_generation/tests/test_cluster_centroids.py,function,,test_fit_hard_voting,A,5,87,101
imbens/sampler/_under_sampling/_prototype_selection/_instance_hardness_threshold.py,method,InstanceHardnessThreshold,_validate_estimator,A,5,128,147
imbens/sampler/_under_sampling/_prototype_selection/_nearmiss.py,method,NearMiss,_selection_dist_based,A,5,123,192
imbens/sampler/_under_sampling/_prototype_selection/tests/test_self_paced_under_sampler.py,function,,test_spus_with_sample_weight,A,5,205,205
imbens/utils/estimator_checks.py,function,,_yield_sampler_checks,A,5,39,61
imbens/utils/_docstring.py,function,,_get_n_jobs_docstring,A,5,374,388
imbens/utils/_validation_param.py,function,,_check_eval_metric_func,A,5,374,397
imbens/utils/_validation_param.py,function,,check_plot_figsize,A,5,747,764
imbens/utils/tests/test_estimator_checks.py,function,,test_all_samplers,A,5,131,149
imbens/visualizer/visualizer.py,method,ImbalancedEnsembleVisualizer,_collect_all_ensemble_confusion_matrix,A,5,805,834
imbens/ensemble/base.py,method,ImbalancedEnsembleClassifierMixin,_training_log_to_console,B,6,330,354
imbens/ensemble/base.py,method,BaseImbalancedEnsemble,fit,B,6,568,602
imbens/ensemble/_boost.py,method,ReweightBoostClassifier,_set_cost_matrix,B,6,684,703
imbens/ensemble/_under_sampling/balance_cascade.py,method,BalanceCascadeClassifier,_fit,B,6,234,382
imbens/ensemble/_under_sampling/tests/test_self_paced_ensemble.py,function,,test_estimator_init,B,6,54,73
imbens/sampler/tests/test_base_sampler.py,function,,test_func_sampler,B,6,130,130
imbens/sampler/_over_sampling/tests/test_random_over_sampler.py,function,,test_ros_fit_resample,B,6,47,79
imbens/sampler/_under_sampling/_prototype_selection/_balance_cascade_under_sampler.py,method,BalanceCascadeUnderSampler,_fit_resample,B,6,171,279
imbens/sampler/_under_sampling/_prototype_selection/_edited_nearest_neighbours.py,method,EditedNearestNeighbours,_fit_resample,B,6,139,182
imbens/utils/estimator_checks.py,function,,_yield_all_checks,B,6,68,83
imbens/utils/_show_versions.py,function,,show_versions,B,6,49,92
imbens/utils/_validation.py,function,,_sampling_strategy_all,B,6,156,170
imbens/utils/_validation.py,function,,_sampling_strategy_majority,B,6,173,191
imbens/utils/_validation.py,function,,_sampling_strategy_minority,B,6,246,265
imbens/utils/_validation_param.py,function,,_progressive_schedule,B,6,280,306
imbens/utils/_validation_param.py,function,,get_dict_subset_by_key,B,6,595,599
imbens/utils/_validation_param.py,function,,check_pred_proba,B,6,784,803
imbens/utils/tests/test_validation.py,function,,test_check_neighbors_object,B,6,26,40
imbens/datasets/tests/test_zenodo.py,function,,test_fetch,B,7,51,65
imbens/datasets/tests/test_zenodo.py,function,,test_fetch_filter,B,7,70,70
imbens/ensemble/base.py,method,ImbalancedEnsembleClassifierMixin,_training_log_to_console_iterative,B,7,357,392
imbens/ensemble/base.py,method,BaseImbalancedEnsemble,feature_importances_,B,7,734,776
imbens/ensemble/_bagging.py,method,ResampleBaggingClassifier,_validate_estimator,B,7,260,301
imbens/ensemble/_boost.py,method,ResampleBoostClassifier,feature_importances_,B,7,548,590
imbens/ensemble/_boost.py,method,ReweightBoostClassifier,feature_importances_,B,7,1011,1053
imbens/ensemble/_under_sampling/balanced_random_forest.py,method,BalancedRandomForestClassifier,_compute_oob_predictions,B,7,671,738
imbens/ensemble/_under_sampling/tests/test_balance_cascade.py,function,,test_fit_target_samples_int,B,7,118,165
imbens/metrics/tests/test_pairwise.py,function,,test_value_difference_metric_property,B,7,62,62
imbens/sampler/base.py,method,SamplerMixin,fit_resample,B,7,76,144
imbens/sampler/_over_sampling/tests/test_random_over_sampler.py,function,,test_multiclass_fit_resample,B,7,118,131
imbens/sampler/_over_sampling/_smote/cluster.py,method,KMeansSMOTE,_validate_estimator,B,7,163,193
imbens/sampler/_under_sampling/_prototype_selection/_nearmiss.py,method,NearMiss,_fit_resample,B,7,211,298
imbens/sampler/_under_sampling/_prototype_selection/_self_paced_under_sampler.py,method,SelfPacedUnderSampler,_fit_resample,B,7,164,253
imbens/sampler/_under_sampling/_prototype_selection/_tomek_links.py,method,TomekLinks,is_tomek,B,7,93,133
imbens/utils/estimator_checks.py,function,,check_samplers_sampling_strategy_fit_resample,B,7,221,245
imbens/utils/_plot.py,function,,plot_scatter,B,7,32,70
imbens/utils/_validation_data.py,function,,check_eval_datasets,B,7,84,123
imbens/utils/_validation_param.py,function,,check_target_label_and_n_target_samples,B,7,206,251
imbens/utils/_validation_param.py,function,,check_balancing_schedule,B,7,324,353
imbens/utils/_validation_param.py,function,,_check_all_estimators_have_same_attribute,B,7,695,725
imbens/datasets/_openml.py,function,,fetch_openml_datasets,B,8,165,424
imbens/ensemble/_compatible/tests/test_adabost_compatible.py,function,,test_adaboost,B,8,38,38
imbens/ensemble/_reweighting/tests/test_adacost.py,function,,test_algorithm,B,8,38,38
imbens/ensemble/_reweighting/tests/test_adauboost.py,function,,test_algorithm,B,8,40,40
imbens/ensemble/_reweighting/tests/test_asymmetric_boost.py,function,,test_algorithm,B,8,38,38
imbens/metrics/pairwise.py,method,ValueDifferenceMetric,fit,B,8,107,162
imbens/metrics/_classification.py,function,,geometric_mean_score,B,8,492,672
imbens/sampler/_over_sampling/_adasyn.py,method,ADASYN,_fit_resample,B,8,123,204
imbens/sampler/_under_sampling/_prototype_generation/_cluster_centroids.py,method,ClusterCentroids,_fit_resample,B,8,146,195
imbens/sampler/_under_sampling/_prototype_selection/_condensed_nearest_neighbour.py,method,CondensedNearestNeighbour,_fit_resample,B,8,144,232
imbens/sampler/_under_sampling/_prototype_selection/_edited_nearest_neighbours.py,method,AllKNN,_fit_resample,B,8,505,561
imbens/sampler/_under_sampling/_prototype_selection/tests/test_self_paced_under_sampler.py,function,,test_spus_fit_resample,B,8,99,99
imbens/utils/estimator_checks.py,function,,check_samplers_pandas,B,8,269,299
imbens/utils/_validation.py,function,,_sampling_strategy_not_majority,B,8,194,217
imbens/utils/_validation.py,function,,_sampling_strategy_not_minority,B,8,220,243
imbens/visualizer/visualizer.py,method,ImbalancedEnsembleVisualizer,_get_predict_proba,B,8,438,467
imbens/ensemble/_bagging.py,function,,_parallel_build_estimators,B,9,113,178
imbens/ensemble/_reweighting/adauboost.py,method,AdaUBoostClassifier,_check_beta,B,9,196,232
imbens/ensemble/_under_sampling/tests/test_balance_cascade.py,function,,test_fit_target_samples_dict,B,9,179,238
imbens/metrics/_classification.py,function,,compute_score,B,9,728,774
imbens/sampler/_over_sampling/_smote/filter.py,method,BorderlineSMOTE,_fit_resample,B,9,159,244
imbens/sampler/_under_sampling/_prototype_selection/_edited_nearest_neighbours.py,method,RepeatedEditedNearestNeighbours,_fit_resample,B,9,312,380
imbens/sampler/_under_sampling/_prototype_selection/_neighbourhood_cleaning_rule.py,method,NeighbourhoodCleaningRule,_fit_resample,B,9,151,212
imbens/sampler/_under_sampling/_prototype_selection/_random_under_sampler.py,method,RandomUnderSampler,_fit_resample,B,9,105,172
imbens/utils/estimator_checks.py,function,,check_samplers_fit_resample,B,9,186,213
imbens/ensemble/base.py,method,ImbalancedEnsembleClassifierMixin,_training_log_add_line,B,10,233,272
imbens/ensemble/_over_sampling/tests/test_kmeans_smote_boost.py,function,,test_ksmoteboost,B,10,36,36
imbens/ensemble/_over_sampling/tests/test_over_boost.py,function,,test_overboost,B,10,36,36
imbens/ensemble/_over_sampling/tests/test_smote_boost.py,function,,test_smoteboost,B,10,36,36
imbens/ensemble/_under_sampling/tests/test_rus_boost.py,function,,test_rusboost,B,10,38,38
imbens/metrics/_classification.py,function,,classification_report_imbalanced,B,10,782,985
imbens/sampler/_under_sampling/_prototype_selection/tests/test_self_paced_under_sampler.py,function,,test_spus_hard_resample,B,10,233,269
imbens/utils/tests/test_validation_param.py,function,,test_check_n_target_samples_int,B,10,49,73
imbens/visualizer/visualizer.py,method,ImbalancedEnsembleVisualizer,_collect_ensemble_performance_data,B,10,469,534
imbens/pipeline.py,method,Pipeline,_fit,C,11,200,259
imbens/sampler/_under_sampling/_prototype_selection/tests/test_balance_cascade_under_sampler.py,function,,test_bcus_with_sample_weight,C,11,206,206
imbens/utils/_validation_param.py,function,,check_visualizer_ensembles,C,11,602,692
imbens/utils/tests/test_show_versions.py,function,,test_get_deps_info,C,11,10,10
imbens/utils/tests/test_validation_param.py,function,,test_check_n_target_samples_dict,C,11,99,126
imbens/sampler/_over_sampling/_smote/cluster.py,method,KMeansSMOTE,_fit_resample,C,12,214,319
imbens/utils/_docstring.py,function,,_get_parameter_docstring,C,12,446,473
imbens/utils/_validation.py,function,,_sampling_strategy_dict,C,12,277,337
imbens/utils/_validation.py,function,,check_sampling_strategy,C,12,424,561
imbens/utils/_validation_param.py,function,,_check_n_target_samples_int,C,12,30,99
imbens/sampler/_over_sampling/_smote/filter.py,method,SVMSMOTE,_fit_resample,C,13,367,461
imbens/ensemble/base.py,method,ImbalancedEnsembleClassifierMixin,_evaluate,C,14,84,180
imbens/ensemble/_compatible/adaboost_compatible.py,method,CompatibleAdaBoostClassifier,fit,C,14,190,345
imbens/utils/_validation_param.py,function,,check_train_verbose,C,14,493,561
imbens/utils/tests/test_show_versions.py,function,,test_show_versions_default,C,14,24,24
imbens/datasets/_zenodo.py,function,,fetch_zenodo_datasets,C,15,104,289
imbens/utils/_validation_param.py,function,,_check_n_target_samples_dict,C,15,102,174
imbens/visualizer/visualizer.py,method,ImbalancedEnsembleVisualizer,confusion_matrix_heatmap,C,15,857,1017
imbens/pipeline.py,method,Pipeline,_validate_steps,C,16,118,167
imbens/datasets/_openml.py,function,,_fetch_openml_data,C,16,24,162
imbens/ensemble/_boost.py,method,ResampleBoostClassifier,_fit,C,16,350,540
imbens/sampler/tests/test_base_sampler.py,function,,test_sampler_mixin,C,16,61,114
imbens/utils/_validation.py,function,,_sampling_strategy_float,C,16,365,421
imbens/ensemble/_boost.py,method,ReweightBoostClassifier,_fit,C,17,858,1003
imbens/sampler/_over_sampling/_random_over_sampler.py,method,RandomOverSampler,_fit_resample,C,18,156,274
imbens/utils/tests/test_show_versions.py,function,,test_show_versions_github,C,18,42,42
imbens/sampler/_under_sampling/_prototype_selection/_self_paced_under_sampler.py,method,SelfPacedUnderSampler,_undersample_single_class,C,19,255,354
imbens/sampler/_under_sampling/_prototype_selection/tests/test_balance_cascade_under_sampler.py,function,,test_spus_fit_resample,C,19,109,175
imbens/visualizer/visualizer.py,method,ImbalancedEnsembleVisualizer,performance_lineplot,C,20,567,803
imbens/metrics/_classification.py,function,,sensitivity_specificity_support,D,21,42,286
imbens/utils/testing.py,function,,all_estimators,D,21,19,116
imbens/ensemble/_bagging.py,method,ResampleBaggingClassifier,_fit,D,25,309,506
imbens/ensemble/_compatible/bagging_compatible.py,method,CompatibleBaggingClassifier,fit,D,25,237,425
imbens/ensemble/_under_sampling/balanced_random_forest.py,method,BalancedRandomForestClassifier,fit,D,28,424,650
