arquivo,escopo,nome,h1,h2,N1,N2,vocabulary,length,calculated_length,volume,difficulty,effort,time,bugs
imbens/exceptions.py,funcao,raise_isinstance_error,0,0,0,0,0,0,0,0,0,0,0,0
imbens/pipeline.py,funcao,_validate_steps,9,29,19,35,38,54,169.4108,283.3881,5.431,1539.0905,85.505,0.0945
imbens/pipeline.py,funcao,_iter,2,2,2,2,4,4,4.0,8.0,1.0,8.0,0.4444,0.0027
imbens/pipeline.py,funcao,_check_fit_params,2,4,2,4,6,6,10.0,15.5098,1.0,15.5098,0.8617,0.0052
imbens/pipeline.py,funcao,_fit,3,8,6,12,11,18,28.7549,62.2698,2.25,140.107,7.7837,0.0208
imbens/pipeline.py,funcao,fit,5,6,5,9,11,14,27.1194,48.432,3.75,181.6202,10.09,0.0161
imbens/pipeline.py,funcao,fit_transform,3,4,3,5,7,8,12.7549,22.4588,1.875,42.1103,2.3395,0.0075
imbens/pipeline.py,funcao,fit_resample,4,6,4,7,10,11,23.5098,36.5412,2.3333,85.2628,4.7368,0.0122
imbens/pipeline.py,funcao,fit_predict,2,2,4,5,4,9,4.0,18.0,2.5,45.0,2.5,0.006
imbens/pipeline.py,funcao,_fit_resample_one,1,2,1,2,3,3,2.0,4.7549,0.5,2.3774,0.1321,0.0016
imbens/pipeline.py,funcao,make_pipeline,0,0,0,0,0,0,0,0,0,0,0,0
imbens/datasets/_imbalance.py,funcao,make_imbalance,1,2,1,2,3,3,2.0,4.7549,0.5,2.3774,0.1321,0.0016
imbens/datasets/_imbalance.py,funcao,generate_imbalance_data,0,0,0,0,0,0,0,0,0,0,0,0
imbens/datasets/_openml.py,funcao,_fetch_openml_data,8,22,15,27,30,42,122.1075,206.0894,4.9091,1011.7116,56.2062,0.0687
imbens/datasets/_openml.py,funcao,fetch_openml_datasets,3,9,7,14,12,21,33.2842,75.2842,2.3333,175.6632,9.7591,0.0251
imbens/datasets/_zenodo.py,funcao,fetch_zenodo_datasets,9,19,13,23,28,36,109.2399,173.0648,5.4474,942.7476,52.3749,0.0577
imbens/datasets/tests/test_imbalance.py,funcao,iris,0,0,0,0,0,0,0,0,0,0,0,0
imbens/datasets/tests/test_imbalance.py,funcao,test_make_imbalance_error,0,0,0,0,0,0,0,0,0,0,0,0
imbens/datasets/tests/test_imbalance.py,funcao,test_make_imbalance_error_single_class,0,0,0,0,0,0,0,0,0,0,0,0
imbens/datasets/tests/test_imbalance.py,funcao,test_make_imbalance_dict,1,2,1,2,3,3,2.0,4.7549,0.5,2.3774,0.1321,0.0016
imbens/datasets/tests/test_imbalance.py,funcao,test_make_imbalanced_iris,1,2,1,2,3,3,2.0,4.7549,0.5,2.3774,0.1321,0.0016
imbens/datasets/tests/test_zenodo.py,funcao,fetch,0,0,0,0,0,0,0,0,0,0,0,0
imbens/datasets/tests/test_zenodo.py,funcao,test_fetch,1,4,4,8,5,12,8.0,27.8631,1.0,27.8631,1.548,0.0093
imbens/datasets/tests/test_zenodo.py,funcao,test_fetch_filter,1,6,5,10,7,15,15.5098,42.1103,0.8333,35.0919,1.9496,0.014
imbens/datasets/tests/test_zenodo.py,funcao,test_fetch_error,0,0,0,0,0,0,0,0,0,0,0,0
imbens/ensemble/base.py,funcao,sort_dict_by_key,0,0,0,0,0,0,0,0,0,0,0,0
imbens/ensemble/base.py,funcao,_evaluate,2,5,4,7,7,11,13.6096,30.8809,1.4,43.2333,2.4018,0.0103
imbens/ensemble/base.py,funcao,_init_training_log_format,2,11,7,14,13,21,40.0537,77.7092,1.2727,98.9027,5.4946,0.0259
imbens/ensemble/base.py,funcao,_training_log_add_block,1,2,1,2,3,3,2.0,4.7549,0.5,2.3774,0.1321,0.0016
imbens/ensemble/base.py,funcao,_training_log_add_line,1,5,4,8,6,12,11.6096,31.0196,0.8,24.8156,1.3786,0.0103
imbens/ensemble/base.py,funcao,_training_log_to_console_head,1,7,5,10,8,15,19.6515,45.0,0.7143,32.1429,1.7857,0.015
imbens/ensemble/base.py,funcao,_training_log_to_console,4,9,6,11,13,17,36.5293,62.9075,2.4444,153.7738,8.543,0.021
imbens/ensemble/base.py,funcao,_training_log_to_console_iterative,4,10,9,18,14,27,41.2193,102.7986,3.6,370.0749,20.5597,0.0343
imbens/ensemble/base.py,funcao,_training_log_to_console_parallel,0,0,0,0,0,0,0,0,0,0,0,0
imbens/ensemble/base.py,funcao,_estimator_has,1,2,1,2,3,3,2.0,4.7549,0.5,2.3774,0.1321,0.0016
imbens/ensemble/base.py,funcao,_parallel_decision_function,0,0,0,0,0,0,0,0,0,0,0,0
imbens/ensemble/base.py,funcao,__init__,0,0,0,0,0,0,0,0,0,0,0,0
imbens/ensemble/base.py,funcao,_validate_y,0,0,0,0,0,0,0,0,0,0,0,0
imbens/ensemble/base.py,funcao,_validate_estimator,1,4,2,4,5,6,8.0,13.9316,0.5,6.9658,0.387,0.0046
imbens/ensemble/base.py,funcao,_make_sampler,1,2,1,2,3,3,2.0,4.7549,0.5,2.3774,0.1321,0.0016
imbens/ensemble/base.py,funcao,fit,6,9,7,13,15,20,44.0391,78.1378,4.3333,338.5972,18.811,0.026
imbens/ensemble/base.py,funcao,_fit,0,0,0,0,0,0,0,0,0,0,0,0
imbens/ensemble/base.py,funcao,predict_proba,3,6,4,8,9,12,20.2647,38.0391,2.0,76.0782,4.2266,0.0127
imbens/ensemble/base.py,funcao,predict,0,0,0,0,0,0,0,0,0,0,0,0
imbens/ensemble/base.py,funcao,decision_function,2,4,3,6,6,9,10.0,23.2647,1.5,34.897,1.9387,0.0078
imbens/ensemble/base.py,funcao,feature_importances_,5,12,6,12,17,18,54.6292,73.5743,2.5,183.9358,10.2187,0.0245
imbens/ensemble/base.py,funcao,_parallel_args,0,0,0,0,0,0,0,0,0,0,0,0
imbens/ensemble/_bagging.py,funcao,_generate_indices,0,0,0,0,0,0,0,0,0,0,0,0
imbens/ensemble/_bagging.py,funcao,_generate_bagging_indices,0,0,0,0,0,0,0,0,0,0,0,0
imbens/ensemble/_bagging.py,funcao,_parallel_build_estimators,6,11,8,15,17,23,53.5635,94.0116,4.0909,384.5931,21.3663,0.0313
imbens/ensemble/_bagging.py,funcao,__init__,0,0,0,0,0,0,0,0,0,0,0,0
imbens/ensemble/_bagging.py,funcao,_validate_y,3,6,3,6,9,9,20.2647,28.5293,1.5,42.794,2.3774,0.0095
imbens/ensemble/_bagging.py,funcao,_validate_estimator,5,11,6,11,16,17,49.6634,68.0,2.5,170.0,9.4444,0.0227
imbens/ensemble/_bagging.py,funcao,_fit,13,34,28,48,47,76,221.0795,422.1488,9.1765,3873.8356,215.2131,0.1407
imbens/ensemble/_bagging.py,funcao,fit,0,0,0,0,0,0,0,0,0,0,0,0
imbens/ensemble/_bagging.py,funcao,predict_proba,0,0,0,0,0,0,0,0,0,0,0,0
imbens/ensemble/_bagging.py,funcao,predict_log_proba,0,0,0,0,0,0,0,0,0,0,0,0
imbens/ensemble/_bagging.py,funcao,set_params,0,0,0,0,0,0,0,0,0,0,0,0
imbens/ensemble/_boost.py,funcao,__init__,0,0,0,0,0,0,0,0,0,0,0,0
imbens/ensemble/_boost.py,funcao,_validate_estimator,1,4,2,4,5,6,8.0,13.9316,0.5,6.9658,0.387,0.0046
imbens/ensemble/_boost.py,funcao,_make_sampler,1,2,1,2,3,3,2.0,4.7549,0.5,2.3774,0.1321,0.0016
imbens/ensemble/_boost.py,funcao,_boost,1,2,1,2,3,3,2.0,4.7549,0.5,2.3774,0.1321,0.0016
imbens/ensemble/_boost.py,funcao,_boost_real,11,32,23,43,43,66,198.0537,358.1335,7.3906,2646.8302,147.0461,0.1194
imbens/ensemble/_boost.py,funcao,_boost_discrete,9,25,16,31,34,47,144.6257,239.1108,5.58,1334.238,74.1243,0.0797
imbens/ensemble/_boost.py,funcao,_fit,11,24,21,42,35,63,148.0928,323.1448,9.625,3110.269,172.7927,0.1077
imbens/ensemble/_boost.py,funcao,fit,0,0,0,0,0,0,0,0,0,0,0,0
imbens/ensemble/_boost.py,funcao,feature_importances_,5,12,6,12,17,18,54.6292,73.5743,2.5,183.9358,10.2187,0.0245
imbens/ensemble/_boost.py,funcao,decision_function,0,0,0,0,0,0,0,0,0,0,0,0
imbens/ensemble/_boost.py,funcao,predict_log_proba,0,0,0,0,0,0,0,0,0,0,0,0
imbens/ensemble/_boost.py,funcao,predict_proba,0,0,0,0,0,0,0,0,0,0,0,0
imbens/ensemble/_boost.py,funcao,staged_decision_function,0,0,0,0,0,0,0,0,0,0,0,0
imbens/ensemble/_boost.py,funcao,staged_predict_proba,0,0,0,0,0,0,0,0,0,0,0,0
imbens/ensemble/_boost.py,funcao,_compute_mult_in_exp_weights_array,0,0,0,0,0,0,0,0,0,0,0,0
imbens/ensemble/_boost.py,funcao,_compute_mult_out_exp_weights_array,0,0,0,0,0,0,0,0,0,0,0,0
imbens/ensemble/_boost.py,funcao,_preprocess_sample_weight,0,0,0,0,0,0,0,0,0,0,0,0
imbens/ensemble/_boost.py,funcao,_set_cost_matrix,2,6,4,8,8,12,17.5098,36.0,1.3333,48.0,2.6667,0.012
imbens/ensemble/_boost.py,funcao,_validate_cost_matrix,1,2,1,2,3,3,2.0,4.7549,0.5,2.3774,0.1321,0.0016
imbens/ensemble/tests/test_base_ensemble.py,funcao,test_evaluate,0,0,0,0,0,0,0,0,0,0,0,0
imbens/ensemble/tests/test_base_ensemble.py,funcao,test_evaluate_verbose,1,2,1,2,3,3,2.0,4.7549,0.5,2.3774,0.1321,0.0016
imbens/ensemble/tests/test_base_ensemble.py,funcao,test_evaluate_eval_datasets,1,2,1,2,3,3,2.0,4.7549,0.5,2.3774,0.1321,0.0016
imbens/ensemble/tests/test_base_ensemble.py,funcao,test_evaluate_eval_metrics,0,0,0,0,0,0,0,0,0,0,0,0
imbens/ensemble/_compatible/adaboost_compatible.py,funcao,__init__,0,0,0,0,0,0,0,0,0,0,0,0
imbens/ensemble/_compatible/adaboost_compatible.py,funcao,fit,11,21,19,38,32,57,130.2924,285.0,9.9524,2836.4286,157.5794,0.095
imbens/ensemble/_compatible/adaboost_compatible.py,funcao,decision_function,0,0,0,0,0,0,0,0,0,0,0,0
imbens/ensemble/_compatible/adaboost_compatible.py,funcao,predict_log_proba,0,0,0,0,0,0,0,0,0,0,0,0
imbens/ensemble/_compatible/adaboost_compatible.py,funcao,predict_proba,0,0,0,0,0,0,0,0,0,0,0,0
imbens/ensemble/_compatible/adaboost_compatible.py,funcao,staged_decision_function,0,0,0,0,0,0,0,0,0,0,0,0
imbens/ensemble/_compatible/adaboost_compatible.py,funcao,staged_predict_proba,0,0,0,0,0,0,0,0,0,0,0,0
imbens/ensemble/_compatible/bagging_compatible.py,funcao,__init__,0,0,0,0,0,0,0,0,0,0,0,0
imbens/ensemble/_compatible/bagging_compatible.py,funcao,fit,13,34,28,48,47,76,221.0795,422.1488,9.1765,3873.8356,215.2131,0.1407
imbens/ensemble/_compatible/bagging_compatible.py,funcao,predict_proba,0,0,0,0,0,0,0,0,0,0,0,0
imbens/ensemble/_compatible/bagging_compatible.py,funcao,predict_log_proba,0,0,0,0,0,0,0,0,0,0,0,0
imbens/ensemble/_compatible/bagging_compatible.py,funcao,set_params,0,0,0,0,0,0,0,0,0,0,0,0
imbens/ensemble/_compatible/tests/test_adabost_compatible.py,funcao,imbalanced_dataset,0,0,0,0,0,0,0,0,0,0,0,0
imbens/ensemble/_compatible/tests/test_adabost_compatible.py,funcao,test_adaboost,2,13,7,14,15,21,50.1057,82.0447,1.0769,88.3558,4.9087,0.0273
imbens/ensemble/_compatible/tests/test_adabost_compatible.py,funcao,test_adaboost_sample_weight,0,0,0,0,0,0,0,0,0,0,0,0
imbens/ensemble/_compatible/tests/test_bagging_compatible.py,funcao,test_balanced_bagging_classifier,0,0,0,0,0,0,0,0,0,0,0,0
imbens/ensemble/_compatible/tests/test_bagging_compatible.py,funcao,test_bootstrap_samples,1,2,1,2,3,3,2.0,4.7549,0.5,2.3774,0.1321,0.0016
imbens/ensemble/_compatible/tests/test_bagging_compatible.py,funcao,test_bootstrap_features,2,4,2,4,6,6,10.0,15.5098,1.0,15.5098,0.8617,0.0052
imbens/ensemble/_compatible/tests/test_bagging_compatible.py,funcao,test_probability,0,0,0,0,0,0,0,0,0,0,0,0
imbens/ensemble/_compatible/tests/test_bagging_compatible.py,funcao,test_oob_score_classification,2,4,2,4,6,6,10.0,15.5098,1.0,15.5098,0.8617,0.0052
imbens/ensemble/_compatible/tests/test_bagging_compatible.py,funcao,test_single_estimator,0,0,0,0,0,0,0,0,0,0,0,0
imbens/ensemble/_compatible/tests/test_bagging_compatible.py,funcao,test_gridsearch,1,2,1,2,3,3,2.0,4.7549,0.5,2.3774,0.1321,0.0016
imbens/ensemble/_compatible/tests/test_bagging_compatible.py,funcao,test_estimator,0,0,0,0,0,0,0,0,0,0,0,0
imbens/ensemble/_compatible/tests/test_bagging_compatible.py,funcao,test_bagging_with_pipeline,0,0,0,0,0,0,0,0,0,0,0,0
imbens/ensemble/_compatible/tests/test_bagging_compatible.py,funcao,test_warm_start,2,6,3,6,8,9,17.5098,27.0,1.0,27.0,1.5,0.009
imbens/ensemble/_compatible/tests/test_bagging_compatible.py,funcao,test_warm_start_smaller_n_estimators,0,0,0,0,0,0,0,0,0,0,0,0
imbens/ensemble/_compatible/tests/test_bagging_compatible.py,funcao,test_warm_start_equal_n_estimators,1,2,1,2,3,3,2.0,4.7549,0.5,2.3774,0.1321,0.0016
imbens/ensemble/_compatible/tests/test_bagging_compatible.py,funcao,test_warm_start_equivalence,0,0,0,0,0,0,0,0,0,0,0,0
imbens/ensemble/_compatible/tests/test_bagging_compatible.py,funcao,test_warm_start_with_oob_score_fails,0,0,0,0,0,0,0,0,0,0,0,0
imbens/ensemble/_compatible/tests/test_bagging_compatible.py,funcao,test_oob_score_removed_on_warm_start,0,0,0,0,0,0,0,0,0,0,0,0
imbens/ensemble/_compatible/tests/test_bagging_compatible.py,funcao,test_oob_score_consistency,1,1,1,2,2,3,0,3.0,1.0,3.0,0.1667,0.001
imbens/ensemble/_compatible/tests/test_bagging_compatible.py,funcao,test_estimators_samples,2,8,4,8,10,12,26.0,39.8631,1.0,39.8631,2.2146,0.0133
imbens/ensemble/_compatible/tests/test_bagging_compatible.py,funcao,test_max_samples_consistency,2,3,2,4,5,6,6.7549,13.9316,1.3333,18.5754,1.032,0.0046
imbens/ensemble/_over_sampling/kmeans_smote_boost.py,funcao,__init__,1,2,1,2,3,3,2.0,4.7549,0.5,2.3774,0.1321,0.0016
imbens/ensemble/_over_sampling/kmeans_smote_boost.py,funcao,fit,0,0,0,0,0,0,0,0,0,0,0,0
imbens/ensemble/_over_sampling/over_bagging.py,funcao,__init__,0,0,0,0,0,0,0,0,0,0,0,0
imbens/ensemble/_over_sampling/over_bagging.py,funcao,fit,0,0,0,0,0,0,0,0,0,0,0,0
imbens/ensemble/_over_sampling/over_bagging.py,funcao,predict_log_proba,0,0,0,0,0,0,0,0,0,0,0,0
imbens/ensemble/_over_sampling/over_bagging.py,funcao,predict_proba,0,0,0,0,0,0,0,0,0,0,0,0
imbens/ensemble/_over_sampling/over_boost.py,funcao,__init__,0,0,0,0,0,0,0,0,0,0,0,0
imbens/ensemble/_over_sampling/over_boost.py,funcao,fit,0,0,0,0,0,0,0,0,0,0,0,0
imbens/ensemble/_over_sampling/smote_bagging.py,funcao,__init__,1,2,1,2,3,3,2.0,4.7549,0.5,2.3774,0.1321,0.0016
imbens/ensemble/_over_sampling/smote_bagging.py,funcao,fit,0,0,0,0,0,0,0,0,0,0,0,0
imbens/ensemble/_over_sampling/smote_boost.py,funcao,__init__,1,2,1,2,3,3,2.0,4.7549,0.5,2.3774,0.1321,0.0016
imbens/ensemble/_over_sampling/smote_boost.py,funcao,fit,0,0,0,0,0,0,0,0,0,0,0,0
imbens/ensemble/_over_sampling/tests/test_kmeans_smote_boost.py,funcao,imbalanced_dataset,0,0,0,0,0,0,0,0,0,0,0,0
imbens/ensemble/_over_sampling/tests/test_kmeans_smote_boost.py,funcao,test_ksmoteboost,2,17,9,18,19,27,71.4869,114.694,1.0588,121.4408,6.7467,0.0382
imbens/ensemble/_over_sampling/tests/test_kmeans_smote_boost.py,funcao,test_smoteboost_sample_weight,0,0,0,0,0,0,0,0,0,0,0,0
imbens/ensemble/_over_sampling/tests/test_kmeans_smote_boost.py,funcao,test_smoteboost_k_neighbors,3,5,3,6,8,9,16.3645,27.0,1.8,48.6,2.7,0.009
imbens/ensemble/_over_sampling/tests/test_over_bagging.py,funcao,test_balanced_bagging_classifier,0,0,0,0,0,0,0,0,0,0,0,0
imbens/ensemble/_over_sampling/tests/test_over_bagging.py,funcao,test_bootstrap_samples,1,2,1,2,3,3,2.0,4.7549,0.5,2.3774,0.1321,0.0016
imbens/ensemble/_over_sampling/tests/test_over_bagging.py,funcao,test_bootstrap_features,2,4,2,4,6,6,10.0,15.5098,1.0,15.5098,0.8617,0.0052
imbens/ensemble/_over_sampling/tests/test_over_bagging.py,funcao,test_probability,0,0,0,0,0,0,0,0,0,0,0,0
imbens/ensemble/_over_sampling/tests/test_over_bagging.py,funcao,test_oob_score_classification,2,4,2,4,6,6,10.0,15.5098,1.0,15.5098,0.8617,0.0052
imbens/ensemble/_over_sampling/tests/test_over_bagging.py,funcao,test_single_estimator,0,0,0,0,0,0,0,0,0,0,0,0
imbens/ensemble/_over_sampling/tests/test_over_bagging.py,funcao,test_gridsearch,1,2,1,2,3,3,2.0,4.7549,0.5,2.3774,0.1321,0.0016
imbens/ensemble/_over_sampling/tests/test_over_bagging.py,funcao,test_estimator,1,1,3,3,2,6,0,6.0,1.5,9.0,0.5,0.002
imbens/ensemble/_over_sampling/tests/test_over_bagging.py,funcao,test_bagging_with_pipeline,0,0,0,0,0,0,0,0,0,0,0,0
imbens/ensemble/_over_sampling/tests/test_over_bagging.py,funcao,test_warm_start,3,7,5,8,10,13,24.4064,43.1851,1.7143,74.0315,4.1129,0.0144
imbens/ensemble/_over_sampling/tests/test_over_bagging.py,funcao,test_warm_start_smaller_n_estimators,0,0,0,0,0,0,0,0,0,0,0,0
imbens/ensemble/_over_sampling/tests/test_over_bagging.py,funcao,test_warm_start_equal_n_estimators,1,2,1,2,3,3,2.0,4.7549,0.5,2.3774,0.1321,0.0016
imbens/ensemble/_over_sampling/tests/test_over_bagging.py,funcao,test_warm_start_equivalence,0,0,0,0,0,0,0,0,0,0,0,0
imbens/ensemble/_over_sampling/tests/test_over_bagging.py,funcao,test_warm_start_with_oob_score_fails,0,0,0,0,0,0,0,0,0,0,0,0
imbens/ensemble/_over_sampling/tests/test_over_bagging.py,funcao,test_oob_score_removed_on_warm_start,0,0,0,0,0,0,0,0,0,0,0,0
imbens/ensemble/_over_sampling/tests/test_over_bagging.py,funcao,test_oob_score_consistency,1,1,1,2,2,3,0,3.0,1.0,3.0,0.1667,0.001
imbens/ensemble/_over_sampling/tests/test_over_bagging.py,funcao,test_estimators_samples,3,9,6,10,12,16,33.2842,57.3594,1.6667,95.599,5.3111,0.0191
imbens/ensemble/_over_sampling/tests/test_over_bagging.py,funcao,test_max_samples_consistency,2,3,2,4,5,6,6.7549,13.9316,1.3333,18.5754,1.032,0.0046
imbens/ensemble/_over_sampling/tests/test_over_boost.py,funcao,imbalanced_dataset,0,0,0,0,0,0,0,0,0,0,0,0
imbens/ensemble/_over_sampling/tests/test_over_boost.py,funcao,test_overboost,2,17,9,18,19,27,71.4869,114.694,1.0588,121.4408,6.7467,0.0382
imbens/ensemble/_over_sampling/tests/test_over_boost.py,funcao,test_overboost_sample_weight,0,0,0,0,0,0,0,0,0,0,0,0
imbens/ensemble/_over_sampling/tests/test_smote_bagging.py,funcao,test_balanced_bagging_classifier,0,0,0,0,0,0,0,0,0,0,0,0
imbens/ensemble/_over_sampling/tests/test_smote_bagging.py,funcao,test_bootstrap_samples,1,2,1,2,3,3,2.0,4.7549,0.5,2.3774,0.1321,0.0016
imbens/ensemble/_over_sampling/tests/test_smote_bagging.py,funcao,test_bootstrap_features,2,4,2,4,6,6,10.0,15.5098,1.0,15.5098,0.8617,0.0052
imbens/ensemble/_over_sampling/tests/test_smote_bagging.py,funcao,test_probability,0,0,0,0,0,0,0,0,0,0,0,0
imbens/ensemble/_over_sampling/tests/test_smote_bagging.py,funcao,test_oob_score_classification,2,4,2,4,6,6,10.0,15.5098,1.0,15.5098,0.8617,0.0052
imbens/ensemble/_over_sampling/tests/test_smote_bagging.py,funcao,test_single_estimator,0,0,0,0,0,0,0,0,0,0,0,0
imbens/ensemble/_over_sampling/tests/test_smote_bagging.py,funcao,test_gridsearch,1,2,1,2,3,3,2.0,4.7549,0.5,2.3774,0.1321,0.0016
imbens/ensemble/_over_sampling/tests/test_smote_bagging.py,funcao,test_estimator,1,1,3,3,2,6,0,6.0,1.5,9.0,0.5,0.002
imbens/ensemble/_over_sampling/tests/test_smote_bagging.py,funcao,test_bagging_with_pipeline,0,0,0,0,0,0,0,0,0,0,0,0
imbens/ensemble/_over_sampling/tests/test_smote_bagging.py,funcao,test_warm_start,3,7,5,8,10,13,24.4064,43.1851,1.7143,74.0315,4.1129,0.0144
imbens/ensemble/_over_sampling/tests/test_smote_bagging.py,funcao,test_warm_start_smaller_n_estimators,0,0,0,0,0,0,0,0,0,0,0,0
imbens/ensemble/_over_sampling/tests/test_smote_bagging.py,funcao,test_warm_start_equal_n_estimators,1,2,1,2,3,3,2.0,4.7549,0.5,2.3774,0.1321,0.0016
imbens/ensemble/_over_sampling/tests/test_smote_bagging.py,funcao,test_warm_start_equivalence,0,0,0,0,0,0,0,0,0,0,0,0
imbens/ensemble/_over_sampling/tests/test_smote_bagging.py,funcao,test_warm_start_with_oob_score_fails,0,0,0,0,0,0,0,0,0,0,0,0
imbens/ensemble/_over_sampling/tests/test_smote_bagging.py,funcao,test_oob_score_removed_on_warm_start,0,0,0,0,0,0,0,0,0,0,0,0
imbens/ensemble/_over_sampling/tests/test_smote_bagging.py,funcao,test_oob_score_consistency,1,1,1,2,2,3,0,3.0,1.0,3.0,0.1667,0.001
imbens/ensemble/_over_sampling/tests/test_smote_bagging.py,funcao,test_estimators_samples,3,9,6,10,12,16,33.2842,57.3594,1.6667,95.599,5.3111,0.0191
imbens/ensemble/_over_sampling/tests/test_smote_bagging.py,funcao,test_max_samples_consistency,2,3,2,4,5,6,6.7549,13.9316,1.3333,18.5754,1.032,0.0046
imbens/ensemble/_over_sampling/tests/test_smote_boost.py,funcao,imbalanced_dataset,0,0,0,0,0,0,0,0,0,0,0,0
imbens/ensemble/_over_sampling/tests/test_smote_boost.py,funcao,test_smoteboost,2,17,9,18,19,27,71.4869,114.694,1.0588,121.4408,6.7467,0.0382
imbens/ensemble/_over_sampling/tests/test_smote_boost.py,funcao,test_smoteboost_sample_weight,0,0,0,0,0,0,0,0,0,0,0,0
imbens/ensemble/_over_sampling/tests/test_smote_boost.py,funcao,test_smoteboost_k_neighbors,3,5,3,6,8,9,16.3645,27.0,1.8,48.6,2.7,0.009
imbens/ensemble/_reweighting/adacost.py,funcao,__init__,0,0,0,0,0,0,0,0,0,0,0,0
imbens/ensemble/_reweighting/adacost.py,funcao,_compute_mult_in_exp_weights_array,0,0,0,0,0,0,0,0,0,0,0,0
imbens/ensemble/_reweighting/adacost.py,funcao,_cost_matrix_to_misclassification_weights,0,0,0,0,0,0,0,0,0,0,0,0
imbens/ensemble/_reweighting/adacost.py,funcao,_validate_cost_matrix,0,0,0,0,0,0,0,0,0,0,0,0
imbens/ensemble/_reweighting/adacost.py,funcao,fit,0,0,0,0,0,0,0,0,0,0,0,0
imbens/ensemble/_reweighting/adauboost.py,funcao,__init__,0,0,0,0,0,0,0,0,0,0,0,0
imbens/ensemble/_reweighting/adauboost.py,funcao,_compute_mult_in_exp_weights_array,0,0,0,0,0,0,0,0,0,0,0,0
imbens/ensemble/_reweighting/adauboost.py,funcao,_check_beta,3,6,4,6,9,10,20.2647,31.6993,1.5,47.5489,2.6416,0.0106
imbens/ensemble/_reweighting/adauboost.py,funcao,_set_beta,2,6,4,8,8,12,17.5098,36.0,1.3333,48.0,2.6667,0.012
imbens/ensemble/_reweighting/adauboost.py,funcao,_set_class_weights,1,3,2,4,4,6,4.7549,12.0,0.6667,8.0,0.4444,0.004
imbens/ensemble/_reweighting/adauboost.py,funcao,_preprocess_sample_weight,1,2,1,2,3,3,2.0,4.7549,0.5,2.3774,0.1321,0.0016
imbens/ensemble/_reweighting/adauboost.py,funcao,fit,0,0,0,0,0,0,0,0,0,0,0,0
imbens/ensemble/_reweighting/asymmetric_boost.py,funcao,__init__,0,0,0,0,0,0,0,0,0,0,0,0
imbens/ensemble/_reweighting/asymmetric_boost.py,funcao,_compute_mult_out_exp_weights_array,0,0,0,0,0,0,0,0,0,0,0,0
imbens/ensemble/_reweighting/asymmetric_boost.py,funcao,_cost_matrix_to_asymmetric_weights,2,4,2,4,6,6,10.0,15.5098,1.0,15.5098,0.8617,0.0052
imbens/ensemble/_reweighting/asymmetric_boost.py,funcao,_validate_cost_matrix,0,0,0,0,0,0,0,0,0,0,0,0
imbens/ensemble/_reweighting/asymmetric_boost.py,funcao,fit,2,6,3,6,8,9,17.5098,27.0,1.0,27.0,1.5,0.009
imbens/ensemble/_reweighting/tests/test_adacost.py,funcao,imbalanced_dataset,0,0,0,0,0,0,0,0,0,0,0,0
imbens/ensemble/_reweighting/tests/test_adacost.py,funcao,test_algorithm,2,13,7,14,15,21,50.1057,82.0447,1.0769,88.3558,4.9087,0.0273
imbens/ensemble/_reweighting/tests/test_adacost.py,funcao,test_sample_weight,0,0,0,0,0,0,0,0,0,0,0,0
imbens/ensemble/_reweighting/tests/test_adacost.py,funcao,test_cost_matrix,3,5,3,6,8,9,16.3645,27.0,1.8,48.6,2.7,0.009
imbens/ensemble/_reweighting/tests/test_adacost.py,funcao,test_cost_matrix_customize,1,4,2,4,5,6,8.0,13.9316,0.5,6.9658,0.387,0.0046
imbens/ensemble/_reweighting/tests/test_adauboost.py,funcao,imbalanced_dataset,0,0,0,0,0,0,0,0,0,0,0,0
imbens/ensemble/_reweighting/tests/test_adauboost.py,funcao,test_algorithm,2,13,7,14,15,21,50.1057,82.0447,1.0769,88.3558,4.9087,0.0273
imbens/ensemble/_reweighting/tests/test_adauboost.py,funcao,test_sample_weight,0,0,0,0,0,0,0,0,0,0,0,0
imbens/ensemble/_reweighting/tests/test_adauboost.py,funcao,test_beta,3,5,3,6,8,9,16.3645,27.0,1.8,48.6,2.7,0.009
imbens/ensemble/_reweighting/tests/test_adauboost.py,funcao,test_beta_customize,3,5,3,5,8,8,16.3645,24.0,1.5,36.0,2.0,0.008
imbens/ensemble/_reweighting/tests/test_asymmetric_boost.py,funcao,imbalanced_dataset,0,0,0,0,0,0,0,0,0,0,0,0
imbens/ensemble/_reweighting/tests/test_asymmetric_boost.py,funcao,test_algorithm,2,13,7,14,15,21,50.1057,82.0447,1.0769,88.3558,4.9087,0.0273
imbens/ensemble/_reweighting/tests/test_asymmetric_boost.py,funcao,test_sample_weight,0,0,0,0,0,0,0,0,0,0,0,0
imbens/ensemble/_reweighting/tests/test_asymmetric_boost.py,funcao,test_cost_matrix,3,6,4,8,9,12,20.2647,38.0391,2.0,76.0782,4.2266,0.0127
imbens/ensemble/_reweighting/tests/test_asymmetric_boost.py,funcao,test_cost_matrix_customize,1,4,2,4,5,6,8.0,13.9316,0.5,6.9658,0.387,0.0046
imbens/ensemble/_under_sampling/balanced_random_forest.py,funcao,_local_parallel_build_trees,1,3,2,4,4,6,4.7549,12.0,0.6667,8.0,0.4444,0.004
imbens/ensemble/_under_sampling/balanced_random_forest.py,funcao,__init__,0,0,0,0,0,0,0,0,0,0,0,0
imbens/ensemble/_under_sampling/balanced_random_forest.py,funcao,_validate_estimator,3,5,3,5,8,8,16.3645,24.0,1.5,36.0,2.0,0.008
imbens/ensemble/_under_sampling/balanced_random_forest.py,funcao,_make_sampler_estimator,1,2,1,2,3,3,2.0,4.7549,0.5,2.3774,0.1321,0.0016
imbens/ensemble/_under_sampling/balanced_random_forest.py,funcao,fit,13,36,27,49,49,76,234.223,426.7179,8.8472,3775.2685,209.7371,0.1422
imbens/ensemble/_under_sampling/balanced_random_forest.py,funcao,_set_oob_score_and_attributes,2,2,3,4,4,7,4.0,14.0,2.0,28.0,1.5556,0.0047
imbens/ensemble/_under_sampling/balanced_random_forest.py,funcao,_compute_oob_predictions,4,10,6,12,14,18,41.2193,68.5324,2.4,164.4777,9.1377,0.0228
imbens/ensemble/_under_sampling/balanced_random_forest.py,funcao,_more_tags,0,0,0,0,0,0,0,0,0,0,0,0
imbens/ensemble/_under_sampling/balanced_random_forest.py,funcao,__sklearn_tags__,0,0,0,0,0,0,0,0,0,0,0,0
imbens/ensemble/_under_sampling/balanced_random_forest.py,funcao,predict_log_proba,0,0,0,0,0,0,0,0,0,0,0,0
imbens/ensemble/_under_sampling/balanced_random_forest.py,funcao,predict_proba,0,0,0,0,0,0,0,0,0,0,0,0
imbens/ensemble/_under_sampling/balance_cascade.py,funcao,__init__,0,0,0,0,0,0,0,0,0,0,0,0
imbens/ensemble/_under_sampling/balance_cascade.py,funcao,fit,0,0,0,0,0,0,0,0,0,0,0,0
imbens/ensemble/_under_sampling/balance_cascade.py,funcao,_fit,5,13,7,14,18,21,59.7154,87.5684,2.6923,235.7611,13.0978,0.0292
imbens/ensemble/_under_sampling/balance_cascade.py,funcao,_update_cached_prediction_probabilities,5,8,6,11,13,17,35.6096,62.9075,3.4375,216.2444,12.0136,0.021
imbens/ensemble/_under_sampling/easy_ensemble.py,funcao,__init__,2,4,2,4,6,6,10.0,15.5098,1.0,15.5098,0.8617,0.0052
imbens/ensemble/_under_sampling/easy_ensemble.py,funcao,fit,0,0,0,0,0,0,0,0,0,0,0,0
imbens/ensemble/_under_sampling/rus_boost.py,funcao,__init__,0,0,0,0,0,0,0,0,0,0,0,0
imbens/ensemble/_under_sampling/rus_boost.py,funcao,fit,0,0,0,0,0,0,0,0,0,0,0,0
imbens/ensemble/_under_sampling/self_paced_ensemble.py,funcao,__init__,0,0,0,0,0,0,0,0,0,0,0,0
imbens/ensemble/_under_sampling/self_paced_ensemble.py,funcao,fit,0,0,0,0,0,0,0,0,0,0,0,0
imbens/ensemble/_under_sampling/self_paced_ensemble.py,funcao,_fit,4,10,5,10,14,15,41.2193,57.1103,2.0,114.2206,6.3456,0.019
imbens/ensemble/_under_sampling/self_paced_ensemble.py,funcao,_update_cached_prediction_probabilities,5,8,6,11,13,17,35.6096,62.9075,3.4375,216.2444,12.0136,0.021
imbens/ensemble/_under_sampling/under_bagging.py,funcao,__init__,0,0,0,0,0,0,0,0,0,0,0,0
imbens/ensemble/_under_sampling/under_bagging.py,funcao,fit,0,0,0,0,0,0,0,0,0,0,0,0
imbens/ensemble/_under_sampling/tests/test_balanced_random_forest.py,funcao,imbalanced_dataset,0,0,0,0,0,0,0,0,0,0,0,0
imbens/ensemble/_under_sampling/tests/test_balanced_random_forest.py,funcao,test_balanced_random_forest_error_warning_warm_start,0,0,0,0,0,0,0,0,0,0,0,0
imbens/ensemble/_under_sampling/tests/test_balanced_random_forest.py,funcao,test_balanced_random_forest,1,6,4,8,7,12,15.5098,33.6883,0.6667,22.4588,1.2477,0.0112
imbens/ensemble/_under_sampling/tests/test_balanced_random_forest.py,funcao,test_balanced_random_forest_attributes,0,0,0,0,0,0,0,0,0,0,0,0
imbens/ensemble/_under_sampling/tests/test_balanced_random_forest.py,funcao,test_balanced_random_forest_sample_weight,0,0,0,0,0,0,0,0,0,0,0,0
imbens/ensemble/_under_sampling/tests/test_balanced_random_forest.py,funcao,test_balanced_random_forest_oob,3,6,3,6,9,9,20.2647,28.5293,1.5,42.794,2.3774,0.0095
imbens/ensemble/_under_sampling/tests/test_balanced_random_forest.py,funcao,test_balanced_random_forest_grid_search,0,0,0,0,0,0,0,0,0,0,0,0
imbens/ensemble/_under_sampling/tests/test_balanced_random_forest.py,funcao,test_little_tree_with_small_max_samples,1,3,2,4,4,6,4.7549,12.0,0.6667,8.0,0.4444,0.004
imbens/ensemble/_under_sampling/tests/test_balanced_random_forest.py,funcao,test_balanced_random_forest_pruning,1,2,1,2,3,3,2.0,4.7549,0.5,2.3774,0.1321,0.0016
imbens/ensemble/_under_sampling/tests/test_balanced_random_forest.py,funcao,test_balanced_random_forest_oob_binomial,3,5,3,5,8,8,16.3645,24.0,1.5,36.0,2.0,0.008
imbens/ensemble/_under_sampling/tests/test_balance_cascade.py,funcao,test_estimator_init,0,0,0,0,0,0,0,0,0,0,0,0
imbens/ensemble/_under_sampling/tests/test_balance_cascade.py,funcao,test_fit_target_label,3,10,5,10,13,15,37.9742,55.5066,1.5,83.2599,4.6255,0.0185
imbens/ensemble/_under_sampling/tests/test_balance_cascade.py,funcao,test_fit_target_samples_int,3,10,6,12,13,18,37.9742,66.6079,1.8,119.8942,6.6608,0.0222
imbens/ensemble/_under_sampling/tests/test_balance_cascade.py,funcao,test_fit_target_samples_dict,3,12,9,17,15,26,47.7744,101.5792,2.125,215.8557,11.992,0.0339
imbens/ensemble/_under_sampling/tests/test_balance_cascade.py,funcao,test_fit_target_label_target_samples_error,0,0,0,0,0,0,0,0,0,0,0,0
imbens/ensemble/_under_sampling/tests/test_easy_ensemble.py,funcao,test_easy_ensemble_classifier,3,6,3,6,9,9,20.2647,28.5293,1.5,42.794,2.3774,0.0095
imbens/ensemble/_under_sampling/tests/test_easy_ensemble.py,funcao,test_bootstrap_samples,1,2,1,2,3,3,2.0,4.7549,0.5,2.3774,0.1321,0.0016
imbens/ensemble/_under_sampling/tests/test_easy_ensemble.py,funcao,test_bootstrap_features,2,4,2,4,6,6,10.0,15.5098,1.0,15.5098,0.8617,0.0052
imbens/ensemble/_under_sampling/tests/test_easy_ensemble.py,funcao,test_probability,0,0,0,0,0,0,0,0,0,0,0,0
imbens/ensemble/_under_sampling/tests/test_easy_ensemble.py,funcao,test_oob_score_classification,2,4,2,4,6,6,10.0,15.5098,1.0,15.5098,0.8617,0.0052
imbens/ensemble/_under_sampling/tests/test_easy_ensemble.py,funcao,test_single_estimator,0,0,0,0,0,0,0,0,0,0,0,0
imbens/ensemble/_under_sampling/tests/test_easy_ensemble.py,funcao,test_gridsearch,1,2,1,2,3,3,2.0,4.7549,0.5,2.3774,0.1321,0.0016
imbens/ensemble/_under_sampling/tests/test_easy_ensemble.py,funcao,test_estimator,1,1,3,3,2,6,0,6.0,1.5,9.0,0.5,0.002
imbens/ensemble/_under_sampling/tests/test_easy_ensemble.py,funcao,test_bagging_with_pipeline,0,0,0,0,0,0,0,0,0,0,0,0
imbens/ensemble/_under_sampling/tests/test_easy_ensemble.py,funcao,test_warm_start,3,7,5,8,10,13,24.4064,43.1851,1.7143,74.0315,4.1129,0.0144
imbens/ensemble/_under_sampling/tests/test_easy_ensemble.py,funcao,test_warm_start_smaller_n_estimators,0,0,0,0,0,0,0,0,0,0,0,0
imbens/ensemble/_under_sampling/tests/test_easy_ensemble.py,funcao,test_warm_start_equal_n_estimators,1,2,1,2,3,3,2.0,4.7549,0.5,2.3774,0.1321,0.0016
imbens/ensemble/_under_sampling/tests/test_easy_ensemble.py,funcao,test_warm_start_equivalence,0,0,0,0,0,0,0,0,0,0,0,0
imbens/ensemble/_under_sampling/tests/test_easy_ensemble.py,funcao,test_warm_start_with_oob_score_fails,0,0,0,0,0,0,0,0,0,0,0,0
imbens/ensemble/_under_sampling/tests/test_easy_ensemble.py,funcao,test_oob_score_removed_on_warm_start,0,0,0,0,0,0,0,0,0,0,0,0
imbens/ensemble/_under_sampling/tests/test_easy_ensemble.py,funcao,test_oob_score_consistency,1,1,1,2,2,3,0,3.0,1.0,3.0,0.1667,0.001
imbens/ensemble/_under_sampling/tests/test_easy_ensemble.py,funcao,test_estimators_samples,3,9,6,10,12,16,33.2842,57.3594,1.6667,95.599,5.3111,0.0191
imbens/ensemble/_under_sampling/tests/test_easy_ensemble.py,funcao,test_max_samples_consistency,2,3,2,4,5,6,6.7549,13.9316,1.3333,18.5754,1.032,0.0046
imbens/ensemble/_under_sampling/tests/test_rus_boost.py,funcao,imbalanced_dataset,0,0,0,0,0,0,0,0,0,0,0,0
imbens/ensemble/_under_sampling/tests/test_rus_boost.py,funcao,test_rusboost,2,17,9,18,19,27,71.4869,114.694,1.0588,121.4408,6.7467,0.0382
imbens/ensemble/_under_sampling/tests/test_rus_boost.py,funcao,test_rusboost_sample_weight,0,0,0,0,0,0,0,0,0,0,0,0
imbens/ensemble/_under_sampling/tests/test_self_paced_ensemble.py,funcao,test_estimator_init,4,11,6,11,15,17,46.0537,66.4171,2.0,132.8343,7.3797,0.0221
imbens/ensemble/_under_sampling/tests/test_self_paced_ensemble.py,funcao,test_fit_target_label,2,4,2,4,6,6,10.0,15.5098,1.0,15.5098,0.8617,0.0052
imbens/ensemble/_under_sampling/tests/test_self_paced_ensemble.py,funcao,test_fit_target_samples_int,3,6,3,6,9,9,20.2647,28.5293,1.5,42.794,2.3774,0.0095
imbens/ensemble/_under_sampling/tests/test_self_paced_ensemble.py,funcao,test_fit_target_samples_dict,3,7,5,9,10,14,24.4064,46.507,1.9286,89.6921,4.9829,0.0155
imbens/ensemble/_under_sampling/tests/test_self_paced_ensemble.py,funcao,test_fit_target_label_target_samples_error,0,0,0,0,0,0,0,0,0,0,0,0
imbens/ensemble/_under_sampling/tests/test_under_bagging.py,funcao,test_balanced_bagging_classifier,0,0,0,0,0,0,0,0,0,0,0,0
imbens/ensemble/_under_sampling/tests/test_under_bagging.py,funcao,test_bootstrap_samples,1,2,1,2,3,3,2.0,4.7549,0.5,2.3774,0.1321,0.0016
imbens/ensemble/_under_sampling/tests/test_under_bagging.py,funcao,test_bootstrap_features,2,4,2,4,6,6,10.0,15.5098,1.0,15.5098,0.8617,0.0052
imbens/ensemble/_under_sampling/tests/test_under_bagging.py,funcao,test_probability,0,0,0,0,0,0,0,0,0,0,0,0
imbens/ensemble/_under_sampling/tests/test_under_bagging.py,funcao,test_oob_score_classification,2,4,2,4,6,6,10.0,15.5098,1.0,15.5098,0.8617,0.0052
imbens/ensemble/_under_sampling/tests/test_under_bagging.py,funcao,test_single_estimator,0,0,0,0,0,0,0,0,0,0,0,0
imbens/ensemble/_under_sampling/tests/test_under_bagging.py,funcao,test_gridsearch,1,2,1,2,3,3,2.0,4.7549,0.5,2.3774,0.1321,0.0016
imbens/ensemble/_under_sampling/tests/test_under_bagging.py,funcao,test_estimator,1,1,3,3,2,6,0,6.0,1.5,9.0,0.5,0.002
imbens/ensemble/_under_sampling/tests/test_under_bagging.py,funcao,test_bagging_with_pipeline,0,0,0,0,0,0,0,0,0,0,0,0
imbens/ensemble/_under_sampling/tests/test_under_bagging.py,funcao,test_warm_start,3,7,5,8,10,13,24.4064,43.1851,1.7143,74.0315,4.1129,0.0144
imbens/ensemble/_under_sampling/tests/test_under_bagging.py,funcao,test_warm_start_smaller_n_estimators,0,0,0,0,0,0,0,0,0,0,0,0
imbens/ensemble/_under_sampling/tests/test_under_bagging.py,funcao,test_warm_start_equal_n_estimators,1,2,1,2,3,3,2.0,4.7549,0.5,2.3774,0.1321,0.0016
imbens/ensemble/_under_sampling/tests/test_under_bagging.py,funcao,test_warm_start_equivalence,0,0,0,0,0,0,0,0,0,0,0,0
imbens/ensemble/_under_sampling/tests/test_under_bagging.py,funcao,test_warm_start_with_oob_score_fails,0,0,0,0,0,0,0,0,0,0,0,0
imbens/ensemble/_under_sampling/tests/test_under_bagging.py,funcao,test_oob_score_removed_on_warm_start,0,0,0,0,0,0,0,0,0,0,0,0
imbens/ensemble/_under_sampling/tests/test_under_bagging.py,funcao,test_oob_score_consistency,1,1,1,2,2,3,0,3.0,1.0,3.0,0.1667,0.001
imbens/ensemble/_under_sampling/tests/test_under_bagging.py,funcao,test_estimators_samples,3,9,6,10,12,16,33.2842,57.3594,1.6667,95.599,5.3111,0.0191
imbens/ensemble/_under_sampling/tests/test_under_bagging.py,funcao,test_max_samples_consistency,2,3,2,4,5,6,6.7549,13.9316,1.3333,18.5754,1.032,0.0046
imbens/metrics/pairwise.py,funcao,__init__,0,0,0,0,0,0,0,0,0,0,0,0
imbens/metrics/pairwise.py,funcao,fit,6,12,7,13,18,20,58.5293,83.3985,3.25,271.0451,15.0581,0.0278
imbens/metrics/pairwise.py,funcao,pairwise,3,6,4,8,9,12,20.2647,38.0391,2.0,76.0782,4.2266,0.0127
imbens/metrics/_classification.py,funcao,sensitivity_specificity_support,11,40,29,58,51,87,250.9309,493.501,7.975,3935.6705,218.6484,0.1645
imbens/metrics/_classification.py,funcao,sensitivity_score,0,0,0,0,0,0,0,0,0,0,0,0
imbens/metrics/_classification.py,funcao,specificity_score,0,0,0,0,0,0,0,0,0,0,0,0
imbens/metrics/_classification.py,funcao,geometric_mean_score,6,13,8,16,19,24,63.6155,101.9503,3.6923,376.4317,20.9129,0.034
imbens/metrics/_classification.py,funcao,make_index_balanced_accuracy,6,18,10,20,24,30,90.5684,137.5489,3.3333,458.4963,25.472,0.0458
imbens/metrics/_classification.py,funcao,classification_report_imbalanced,4,23,21,39,27,60,112.0419,285.2933,3.3913,967.5162,53.7509,0.0951
imbens/metrics/_classification.py,funcao,macro_averaged_mean_absolute_error,3,6,3,6,9,9,20.2647,28.5293,1.5,42.794,2.3774,0.0095
imbens/metrics/tests/test_classification.py,funcao,make_prediction,4,7,5,10,11,15,27.6515,51.8915,2.8571,148.2614,8.2367,0.0173
imbens/metrics/tests/test_classification.py,funcao,test_sensitivity_specificity_score_binary,1,4,2,4,5,6,8.0,13.9316,0.5,6.9658,0.387,0.0046
imbens/metrics/tests/test_classification.py,funcao,test_sensitivity_specificity_f_binary_single_class,1,4,2,4,5,6,8.0,13.9316,0.5,6.9658,0.387,0.0046
imbens/metrics/tests/test_classification.py,funcao,test_sensitivity_specificity_extra_labels,0,0,0,0,0,0,0,0,0,0,0,0
imbens/metrics/tests/test_classification.py,funcao,test_sensitivity_specificity_ignored_labels,3,5,3,6,8,9,16.3645,27.0,1.8,48.6,2.7,0.009
imbens/metrics/tests/test_classification.py,funcao,test_sensitivity_specificity_error_multilabels,0,0,0,0,0,0,0,0,0,0,0,0
imbens/metrics/tests/test_classification.py,funcao,test_sensitivity_specificity_support_errors,0,0,0,0,0,0,0,0,0,0,0,0
imbens/metrics/tests/test_classification.py,funcao,test_sensitivity_specificity_unused_pos_label,0,0,0,0,0,0,0,0,0,0,0,0
imbens/metrics/tests/test_classification.py,funcao,test_geometric_mean_support_binary,0,0,0,0,0,0,0,0,0,0,0,0
imbens/metrics/tests/test_classification.py,funcao,test_geometric_mean_multiclass,1,2,1,2,3,3,2.0,4.7549,0.5,2.3774,0.1321,0.0016
imbens/metrics/tests/test_classification.py,funcao,test_geometric_mean_average,1,2,1,2,3,3,2.0,4.7549,0.5,2.3774,0.1321,0.0016
imbens/metrics/tests/test_classification.py,funcao,test_geometric_mean_sample_weight,1,2,1,2,3,3,2.0,4.7549,0.5,2.3774,0.1321,0.0016
imbens/metrics/tests/test_classification.py,funcao,test_geometric_mean_score_prediction,1,2,1,2,3,3,2.0,4.7549,0.5,2.3774,0.1321,0.0016
imbens/metrics/tests/test_classification.py,funcao,test_iba_geo_mean_binary,0,0,0,0,0,0,0,0,0,0,0,0
imbens/metrics/tests/test_classification.py,funcao,_format_report,0,0,0,0,0,0,0,0,0,0,0,0
imbens/metrics/tests/test_classification.py,funcao,test_classification_report_imbalanced_multiclass,1,3,2,4,4,6,4.7549,12.0,0.6667,8.0,0.4444,0.004
imbens/metrics/tests/test_classification.py,funcao,test_classification_report_imbalanced_multiclass_with_digits,1,3,2,4,4,6,4.7549,12.0,0.6667,8.0,0.4444,0.004
imbens/metrics/tests/test_classification.py,funcao,test_classification_report_imbalanced_multiclass_with_string_label,1,3,2,4,4,6,4.7549,12.0,0.6667,8.0,0.4444,0.004
imbens/metrics/tests/test_classification.py,funcao,test_classification_report_imbalanced_multiclass_with_unicode_label,1,2,1,2,3,3,2.0,4.7549,0.5,2.3774,0.1321,0.0016
imbens/metrics/tests/test_classification.py,funcao,test_classification_report_imbalanced_multiclass_with_long_string_label,2,4,2,4,6,6,10.0,15.5098,1.0,15.5098,0.8617,0.0052
imbens/metrics/tests/test_classification.py,funcao,test_iba_sklearn_metrics,1,2,1,2,3,3,2.0,4.7549,0.5,2.3774,0.1321,0.0016
imbens/metrics/tests/test_classification.py,funcao,test_iba_error_y_score_prob_error,0,0,0,0,0,0,0,0,0,0,0,0
imbens/metrics/tests/test_classification.py,funcao,test_classification_report_imbalanced_dict,1,4,2,4,5,6,8.0,13.9316,0.5,6.9658,0.387,0.0046
imbens/metrics/tests/test_classification.py,funcao,test_macro_averaged_mean_absolute_error,1,2,1,2,3,3,2.0,4.7549,0.5,2.3774,0.1321,0.0016
imbens/metrics/tests/test_classification.py,funcao,test_macro_averaged_mean_absolute_error_sample_weight,1,2,1,2,3,3,2.0,4.7549,0.5,2.3774,0.1321,0.0016
imbens/metrics/tests/test_pairwise.py,funcao,data,2,25,15,30,27,45,118.0964,213.9699,1.2,256.7639,14.2647,0.0713
imbens/metrics/tests/test_pairwise.py,funcao,test_value_difference_metric,1,3,2,4,4,6,4.7549,12.0,0.6667,8.0,0.4444,0.004
imbens/metrics/tests/test_pairwise.py,funcao,test_value_difference_metric_property,5,30,18,35,35,53,158.8164,271.852,2.9167,792.9017,44.0501,0.0906
imbens/metrics/tests/test_pairwise.py,funcao,test_value_difference_metric_categories,0,0,0,0,0,0,0,0,0,0,0,0
imbens/metrics/tests/test_pairwise.py,funcao,test_value_difference_metric_categories_error,0,0,0,0,0,0,0,0,0,0,0,0
imbens/metrics/tests/test_pairwise.py,funcao,test_value_difference_metric_missing_categories,2,4,4,6,6,10,10.0,25.8496,1.5,38.7744,2.1541,0.0086
imbens/metrics/tests/test_pairwise.py,funcao,test_value_difference_value_unfitted,0,0,0,0,0,0,0,0,0,0,0,0
imbens/metrics/tests/test_score_objects.py,funcao,data,0,0,0,0,0,0,0,0,0,0,0,0
imbens/metrics/tests/test_score_objects.py,funcao,test_scorer_common_average,1,2,1,2,3,3,2.0,4.7549,0.5,2.3774,0.1321,0.0016
imbens/metrics/tests/test_score_objects.py,funcao,test_scorer_default_average,1,2,1,2,3,3,2.0,4.7549,0.5,2.3774,0.1321,0.0016
imbens/sampler/base.py,funcao,fit,0,0,0,0,0,0,0,0,0,0,0,0
imbens/sampler/base.py,funcao,fit_resample,1,2,1,2,3,3,2.0,4.7549,0.5,2.3774,0.1321,0.0016
imbens/sampler/base.py,funcao,_fit_resample,1,2,1,2,3,3,2.0,4.7549,0.5,2.3774,0.1321,0.0016
imbens/sampler/base.py,funcao,__init__,0,0,0,0,0,0,0,0,0,0,0,0
imbens/sampler/base.py,funcao,_check_X_y,1,2,1,2,3,3,2.0,4.7549,0.5,2.3774,0.1321,0.0016
imbens/sampler/base.py,funcao,_more_tags,0,0,0,0,0,0,0,0,0,0,0,0
imbens/sampler/base.py,funcao,__sklearn_tags__,0,0,0,0,0,0,0,0,0,0,0,0
imbens/sampler/base.py,funcao,_identity,0,0,0,0,0,0,0,0,0,0,0,0
imbens/sampler/tests/test_base_sampler.py,funcao,test_sampler_mixin,4,12,10,19,16,29,51.0196,116.0,3.1667,367.3333,20.4074,0.0387
imbens/sampler/tests/test_base_sampler.py,funcao,dummy_sampling_func,0,0,0,0,0,0,0,0,0,0,0,0
imbens/sampler/tests/test_base_sampler.py,funcao,test_func_sampler,2,6,5,10,8,15,17.5098,45.0,1.6667,75.0,4.1667,0.015
imbens/sampler/_over_sampling/_adasyn.py,funcao,__init__,0,0,0,0,0,0,0,0,0,0,0,0
imbens/sampler/_over_sampling/_adasyn.py,funcao,_validate_estimator,0,0,0,0,0,0,0,0,0,0,0,0
imbens/sampler/_over_sampling/_adasyn.py,funcao,_fit_resample,9,23,16,29,32,45,132.5713,225.0,5.6739,1276.6304,70.9239,0.075
imbens/sampler/_over_sampling/_adasyn.py,funcao,_more_tags,0,0,0,0,0,0,0,0,0,0,0,0
imbens/sampler/_over_sampling/_adasyn.py,funcao,__sklearn_tags__,0,0,0,0,0,0,0,0,0,0,0,0
imbens/sampler/_over_sampling/_random_over_sampler.py,funcao,__init__,0,0,0,0,0,0,0,0,0,0,0,0
imbens/sampler/_over_sampling/_random_over_sampler.py,funcao,_check_X_y,0,0,0,0,0,0,0,0,0,0,0,0
imbens/sampler/_over_sampling/_random_over_sampler.py,funcao,_fit_resample,11,30,19,37,41,56,185.2605,300.0229,6.7833,2035.1554,113.0642,0.1
imbens/sampler/_over_sampling/_random_over_sampler.py,funcao,_more_tags,0,0,0,0,0,0,0,0,0,0,0,0
imbens/sampler/_over_sampling/_random_over_sampler.py,funcao,__sklearn_tags__,0,0,0,0,0,0,0,0,0,0,0,0
imbens/sampler/_over_sampling/tests/test_adasyn.py,funcao,test_ada_init,1,2,1,2,3,3,2.0,4.7549,0.5,2.3774,0.1321,0.0016
imbens/sampler/_over_sampling/tests/test_adasyn.py,funcao,test_ada_fit_resample,1,20,20,20,21,40,86.4386,175.6927,0.5,87.8463,4.8804,0.0586
imbens/sampler/_over_sampling/tests/test_adasyn.py,funcao,test_ada_fit_resample_nn_obj,1,20,20,20,21,40,86.4386,175.6927,0.5,87.8463,4.8804,0.0586
imbens/sampler/_over_sampling/tests/test_adasyn.py,funcao,test_adasyn_error,0,0,0,0,0,0,0,0,0,0,0,0
imbens/sampler/_over_sampling/tests/test_random_over_sampler.py,funcao,data,1,3,3,3,4,6,4.7549,12.0,0.5,6.0,0.3333,0.004
imbens/sampler/_over_sampling/tests/test_random_over_sampler.py,funcao,test_ros_init,1,2,1,2,3,3,2.0,4.7549,0.5,2.3774,0.1321,0.0016
imbens/sampler/_over_sampling/tests/test_random_over_sampler.py,funcao,test_ros_fit_resample,3,9,7,11,12,18,33.2842,64.5293,1.8333,118.3038,6.5724,0.0215
imbens/sampler/_over_sampling/tests/test_random_over_sampler.py,funcao,test_ros_fit_resample_half,3,7,6,9,10,15,24.4064,49.8289,1.9286,96.0986,5.3388,0.0166
imbens/sampler/_over_sampling/tests/test_random_over_sampler.py,funcao,test_multiclass_fit_resample,2,8,6,12,10,18,26.0,59.7947,1.5,89.6921,4.9829,0.0199
imbens/sampler/_over_sampling/tests/test_random_over_sampler.py,funcao,test_random_over_sampling_heterogeneous_data,3,8,5,9,11,14,28.7549,48.432,1.6875,81.7291,4.5405,0.0161
imbens/sampler/_over_sampling/tests/test_random_over_sampler.py,funcao,test_random_over_sampling_nan_inf,3,6,4,7,9,11,20.2647,34.8692,1.75,61.0211,3.3901,0.0116
imbens/sampler/_over_sampling/tests/test_random_over_sampler.py,funcao,test_random_over_sampling_heterogeneous_data_smoothed_bootstrap,0,0,0,0,0,0,0,0,0,0,0,0
imbens/sampler/_over_sampling/tests/test_random_over_sampler.py,funcao,test_random_over_sampler_smoothed_bootstrap,1,5,3,6,6,9,11.6096,23.2647,0.6,13.9588,0.7755,0.0078
imbens/sampler/_over_sampling/tests/test_random_over_sampler.py,funcao,test_random_over_sampler_equivalence_shrinkage,1,5,4,8,6,12,11.6096,31.0196,0.8,24.8156,1.3786,0.0103
imbens/sampler/_over_sampling/tests/test_random_over_sampler.py,funcao,test_random_over_sampler_shrinkage_behaviour,2,5,3,6,7,9,13.6096,25.2662,1.2,30.3194,1.6844,0.0084
imbens/sampler/_over_sampling/tests/test_random_over_sampler.py,funcao,test_random_over_sampler_shrinkage_error,0,0,0,0,0,0,0,0,0,0,0,0
imbens/sampler/_over_sampling/_smote/base.py,funcao,__init__,0,0,0,0,0,0,0,0,0,0,0,0
imbens/sampler/_over_sampling/_smote/base.py,funcao,_validate_estimator,0,0,0,0,0,0,0,0,0,0,0,0
imbens/sampler/_over_sampling/_smote/base.py,funcao,_make_samples,1,2,1,2,3,3,2.0,4.7549,0.5,2.3774,0.1321,0.0016
imbens/sampler/_over_sampling/_smote/base.py,funcao,_generate_samples,3,8,4,8,11,12,28.7549,41.5132,1.5,62.2698,3.4594,0.0138
imbens/sampler/_over_sampling/_smote/base.py,funcao,_in_danger_noise,6,13,10,20,19,30,63.6155,127.4378,4.6154,588.1746,32.6764,0.0425
imbens/sampler/_over_sampling/_smote/base.py,funcao,_fit_resample,4,9,5,9,13,14,36.5293,51.8062,2.0,103.6123,5.7562,0.0173
imbens/sampler/_over_sampling/_smote/cluster.py,funcao,__init__,0,0,0,0,0,0,0,0,0,0,0,0
imbens/sampler/_over_sampling/_smote/cluster.py,funcao,_validate_estimator,4,9,5,9,13,14,36.5293,51.8062,2.0,103.6123,5.7562,0.0173
imbens/sampler/_over_sampling/_smote/cluster.py,funcao,_find_cluster_sparsity,5,16,8,16,21,24,75.6096,105.4156,2.5,263.539,14.6411,0.0351
imbens/sampler/_over_sampling/_smote/cluster.py,funcao,_fit_resample,8,30,21,40,38,61,171.2067,320.1236,5.3333,1707.3258,94.8514,0.1067
imbens/sampler/_over_sampling/_smote/filter.py,funcao,__init__,0,0,0,0,0,0,0,0,0,0,0,0
imbens/sampler/_over_sampling/_smote/filter.py,funcao,_validate_estimator,1,2,1,2,3,3,2.0,4.7549,0.5,2.3774,0.1321,0.0016
imbens/sampler/_over_sampling/_smote/filter.py,funcao,_fit_resample,8,22,17,32,30,49,122.1075,240.4376,5.8182,1398.9099,77.7172,0.0801
imbens/sampler/_over_sampling/_smote/tests/test_borderline_smote.py,funcao,data,1,17,17,17,18,34,69.4869,141.7775,0.5,70.8887,3.9383,0.0473
imbens/sampler/_over_sampling/_smote/tests/test_borderline_smote.py,funcao,test_borderline_smote_wrong_kind,0,0,0,0,0,0,0,0,0,0,0,0
imbens/sampler/_over_sampling/_smote/tests/test_borderline_smote.py,funcao,test_borderline_smote,0,0,0,0,0,0,0,0,0,0,0,0
imbens/sampler/_over_sampling/_smote/tests/test_kmeans_smote.py,funcao,data,1,17,17,17,18,34,69.4869,141.7775,0.5,70.8887,3.9383,0.0473
imbens/sampler/_over_sampling/_smote/tests/test_kmeans_smote.py,funcao,test_kmeans_smote,2,6,3,6,8,9,17.5098,27.0,1.0,27.0,1.5,0.009
imbens/sampler/_over_sampling/_smote/tests/test_kmeans_smote.py,funcao,test_sample_kmeans_custom,1,6,4,8,7,12,15.5098,33.6883,0.6667,22.4588,1.2477,0.0112
imbens/sampler/_over_sampling/_smote/tests/test_kmeans_smote.py,funcao,test_sample_kmeans_not_enough_clusters,2,6,3,6,8,9,17.5098,27.0,1.0,27.0,1.5,0.009
imbens/sampler/_over_sampling/_smote/tests/test_kmeans_smote.py,funcao,test_sample_kmeans_density_estimation,0,0,0,0,0,0,0,0,0,0,0,0
imbens/sampler/_over_sampling/_smote/tests/test_kmeans_smote.py,funcao,test_kmeans_smote_param_error,0,0,0,0,0,0,0,0,0,0,0,0
imbens/sampler/_over_sampling/_smote/tests/test_smote.py,funcao,test_sample_regular,1,21,21,21,22,42,92.2387,187.2961,0.5,93.6481,5.2027,0.0624
imbens/sampler/_over_sampling/_smote/tests/test_smote.py,funcao,test_sample_regular_half,1,18,18,18,19,36,75.0587,152.9254,0.5,76.4627,4.2479,0.051
imbens/sampler/_over_sampling/_smote/tests/test_smote.py,funcao,test_sample_regular_with_nn,1,21,21,21,22,42,92.2387,187.2961,0.5,93.6481,5.2027,0.0624
imbens/sampler/_over_sampling/_smote/tests/test_smote.py,funcao,test_smote_m_neighbors,1,3,2,4,4,6,4.7549,12.0,0.6667,8.0,0.4444,0.004
imbens/sampler/_over_sampling/_smote/tests/test_svm_smote.py,funcao,data,1,17,17,17,18,34,69.4869,141.7775,0.5,70.8887,3.9383,0.0473
imbens/sampler/_over_sampling/_smote/tests/test_svm_smote.py,funcao,test_svm_smote,0,0,0,0,0,0,0,0,0,0,0,0
imbens/sampler/_over_sampling/_smote/tests/test_svm_smote.py,funcao,test_svm_smote_sample_weight,0,0,0,0,0,0,0,0,0,0,0,0
imbens/sampler/_under_sampling/_prototype_generation/_cluster_centroids.py,funcao,__init__,0,0,0,0,0,0,0,0,0,0,0,0
imbens/sampler/_under_sampling/_prototype_generation/_cluster_centroids.py,funcao,_validate_estimator,1,2,1,2,3,3,2.0,4.7549,0.5,2.3774,0.1321,0.0016
imbens/sampler/_under_sampling/_prototype_generation/_cluster_centroids.py,funcao,_generate_sample,2,4,2,4,6,6,10.0,15.5098,1.0,15.5098,0.8617,0.0052
imbens/sampler/_under_sampling/_prototype_generation/_cluster_centroids.py,funcao,_fit_resample,3,8,5,10,11,15,28.7549,51.8915,1.875,97.2965,5.4054,0.0173
imbens/sampler/_under_sampling/_prototype_generation/_cluster_centroids.py,funcao,_more_tags,0,0,0,0,0,0,0,0,0,0,0,0
imbens/sampler/_under_sampling/_prototype_generation/_cluster_centroids.py,funcao,__sklearn_tags__,0,0,0,0,0,0,0,0,0,0,0,0
imbens/sampler/_under_sampling/_prototype_generation/tests/test_cluster_centroids.py,funcao,test_fit_resample_check_voting,1,2,1,2,3,3,2.0,4.7549,0.5,2.3774,0.1321,0.0016
imbens/sampler/_under_sampling/_prototype_generation/tests/test_cluster_centroids.py,funcao,test_fit_resample_auto,1,3,2,4,4,6,4.7549,12.0,0.6667,8.0,0.4444,0.004
imbens/sampler/_under_sampling/_prototype_generation/tests/test_cluster_centroids.py,funcao,test_fit_resample_half,1,3,2,4,4,6,4.7549,12.0,0.6667,8.0,0.4444,0.004
imbens/sampler/_under_sampling/_prototype_generation/tests/test_cluster_centroids.py,funcao,test_multiclass_fit_resample,1,4,3,6,5,9,8.0,20.8974,0.75,15.673,0.8707,0.007
imbens/sampler/_under_sampling/_prototype_generation/tests/test_cluster_centroids.py,funcao,test_fit_resample_object,1,3,2,4,4,6,4.7549,12.0,0.6667,8.0,0.4444,0.004
imbens/sampler/_under_sampling/_prototype_generation/tests/test_cluster_centroids.py,funcao,test_fit_hard_voting,1,5,3,6,6,9,11.6096,23.2647,0.6,13.9588,0.7755,0.0078
imbens/sampler/_under_sampling/_prototype_generation/tests/test_cluster_centroids.py,funcao,test_fit_resample_error,0,0,0,0,0,0,0,0,0,0,0,0
imbens/sampler/_under_sampling/_prototype_generation/tests/test_cluster_centroids.py,funcao,test_cluster_centroids_hard_target_class,1,5,3,6,6,9,11.6096,23.2647,0.6,13.9588,0.7755,0.0078
imbens/sampler/_under_sampling/_prototype_selection/_balance_cascade_under_sampler.py,funcao,__init__,0,0,0,0,0,0,0,0,0,0,0,0
imbens/sampler/_under_sampling/_prototype_selection/_balance_cascade_under_sampler.py,funcao,_check_X_y,0,0,0,0,0,0,0,0,0,0,0,0
imbens/sampler/_under_sampling/_prototype_selection/_balance_cascade_under_sampler.py,funcao,_get_new_dropped_index_single_class,0,0,0,0,0,0,0,0,0,0,0,0
imbens/sampler/_under_sampling/_prototype_selection/_balance_cascade_under_sampler.py,funcao,_undersample_single_class,0,0,0,0,0,0,0,0,0,0,0,0
imbens/sampler/_under_sampling/_prototype_selection/_balance_cascade_under_sampler.py,funcao,fit_resample,0,0,0,0,0,0,0,0,0,0,0,0
imbens/sampler/_under_sampling/_prototype_selection/_balance_cascade_under_sampler.py,funcao,_fit_resample,8,17,13,23,25,36,93.4869,167.1788,5.4118,904.7325,50.2629,0.0557
imbens/sampler/_under_sampling/_prototype_selection/_balance_cascade_under_sampler.py,funcao,_more_tags,0,0,0,0,0,0,0,0,0,0,0,0
imbens/sampler/_under_sampling/_prototype_selection/_balance_cascade_under_sampler.py,funcao,__sklearn_tags__,0,0,0,0,0,0,0,0,0,0,0,0
imbens/sampler/_under_sampling/_prototype_selection/_condensed_nearest_neighbour.py,funcao,__init__,0,0,0,0,0,0,0,0,0,0,0,0
imbens/sampler/_under_sampling/_prototype_selection/_condensed_nearest_neighbour.py,funcao,_validate_estimator,1,2,1,2,3,3,2.0,4.7549,0.5,2.3774,0.1321,0.0016
imbens/sampler/_under_sampling/_prototype_selection/_condensed_nearest_neighbour.py,funcao,_fit_resample,6,14,11,20,20,31,68.8127,133.9798,4.2857,574.199,31.8999,0.0447
imbens/sampler/_under_sampling/_prototype_selection/_condensed_nearest_neighbour.py,funcao,_more_tags,0,0,0,0,0,0,0,0,0,0,0,0
imbens/sampler/_under_sampling/_prototype_selection/_condensed_nearest_neighbour.py,funcao,__sklearn_tags__,0,0,0,0,0,0,0,0,0,0,0,0
imbens/sampler/_under_sampling/_prototype_selection/_edited_nearest_neighbours.py,funcao,__init__,0,0,0,0,0,0,0,0,0,0,0,0
imbens/sampler/_under_sampling/_prototype_selection/_edited_nearest_neighbours.py,funcao,_validate_estimator,1,2,1,2,3,3,2.0,4.7549,0.5,2.3774,0.1321,0.0016
imbens/sampler/_under_sampling/_prototype_selection/_edited_nearest_neighbours.py,funcao,_fit_resample,4,10,5,10,14,15,41.2193,57.1103,2.0,114.2206,6.3456,0.019
imbens/sampler/_under_sampling/_prototype_selection/_edited_nearest_neighbours.py,funcao,_more_tags,0,0,0,0,0,0,0,0,0,0,0,0
imbens/sampler/_under_sampling/_prototype_selection/_edited_nearest_neighbours.py,funcao,__sklearn_tags__,0,0,0,0,0,0,0,0,0,0,0,0
imbens/sampler/_under_sampling/_prototype_selection/_instance_hardness_threshold.py,funcao,__init__,0,0,0,0,0,0,0,0,0,0,0,0
imbens/sampler/_under_sampling/_prototype_selection/_instance_hardness_threshold.py,funcao,_validate_estimator,3,5,3,7,8,10,16.3645,30.0,2.1,63.0,3.5,0.01
imbens/sampler/_under_sampling/_prototype_selection/_instance_hardness_threshold.py,funcao,_fit_resample,7,13,9,18,20,27,67.7572,116.6921,4.8462,565.5077,31.4171,0.0389
imbens/sampler/_under_sampling/_prototype_selection/_instance_hardness_threshold.py,funcao,_more_tags,0,0,0,0,0,0,0,0,0,0,0,0
imbens/sampler/_under_sampling/_prototype_selection/_instance_hardness_threshold.py,funcao,__sklearn_tags__,0,0,0,0,0,0,0,0,0,0,0,0
imbens/sampler/_under_sampling/_prototype_selection/_nearmiss.py,funcao,__init__,0,0,0,0,0,0,0,0,0,0,0,0
imbens/sampler/_under_sampling/_prototype_selection/_nearmiss.py,funcao,_selection_dist_based,4,10,6,11,14,17,41.2193,64.725,2.2,142.3951,7.9108,0.0216
imbens/sampler/_under_sampling/_prototype_selection/_nearmiss.py,funcao,_validate_estimator,2,3,2,4,5,6,6.7549,13.9316,1.3333,18.5754,1.032,0.0046
imbens/sampler/_under_sampling/_prototype_selection/_nearmiss.py,funcao,_fit_resample,4,10,9,17,14,26,41.2193,98.9912,3.4,336.5702,18.6983,0.033
imbens/sampler/_under_sampling/_prototype_selection/_nearmiss.py,funcao,_more_tags,0,0,0,0,0,0,0,0,0,0,0,0
imbens/sampler/_under_sampling/_prototype_selection/_nearmiss.py,funcao,__sklearn_tags__,0,0,0,0,0,0,0,0,0,0,0,0
imbens/sampler/_under_sampling/_prototype_selection/_neighbourhood_cleaning_rule.py,funcao,__init__,0,0,0,0,0,0,0,0,0,0,0,0
imbens/sampler/_under_sampling/_prototype_selection/_neighbourhood_cleaning_rule.py,funcao,_validate_estimator,4,7,4,8,11,12,27.6515,41.5132,2.2857,94.8873,5.2715,0.0138
imbens/sampler/_under_sampling/_prototype_selection/_neighbourhood_cleaning_rule.py,funcao,_fit_resample,7,21,12,23,28,35,111.8902,168.2574,3.8333,644.9868,35.8326,0.0561
imbens/sampler/_under_sampling/_prototype_selection/_neighbourhood_cleaning_rule.py,funcao,_more_tags,0,0,0,0,0,0,0,0,0,0,0,0
imbens/sampler/_under_sampling/_prototype_selection/_neighbourhood_cleaning_rule.py,funcao,__sklearn_tags__,0,0,0,0,0,0,0,0,0,0,0,0
imbens/sampler/_under_sampling/_prototype_selection/_one_sided_selection.py,funcao,__init__,0,0,0,0,0,0,0,0,0,0,0,0
imbens/sampler/_under_sampling/_prototype_selection/_one_sided_selection.py,funcao,_validate_estimator,1,2,1,2,3,3,2.0,4.7549,0.5,2.3774,0.1321,0.0016
imbens/sampler/_under_sampling/_prototype_selection/_one_sided_selection.py,funcao,_fit_resample,4,8,6,12,12,18,32.0,64.5293,3.0,193.588,10.7549,0.0215
imbens/sampler/_under_sampling/_prototype_selection/_one_sided_selection.py,funcao,_more_tags,0,0,0,0,0,0,0,0,0,0,0,0
imbens/sampler/_under_sampling/_prototype_selection/_one_sided_selection.py,funcao,__sklearn_tags__,0,0,0,0,0,0,0,0,0,0,0,0
imbens/sampler/_under_sampling/_prototype_selection/_random_under_sampler.py,funcao,__init__,0,0,0,0,0,0,0,0,0,0,0,0
imbens/sampler/_under_sampling/_prototype_selection/_random_under_sampler.py,funcao,_check_X_y,0,0,0,0,0,0,0,0,0,0,0,0
imbens/sampler/_under_sampling/_prototype_selection/_random_under_sampler.py,funcao,_fit_resample,8,14,10,19,22,29,77.303,129.3235,5.4286,702.0419,39.0023,0.0431
imbens/sampler/_under_sampling/_prototype_selection/_random_under_sampler.py,funcao,_more_tags,0,0,0,0,0,0,0,0,0,0,0,0
imbens/sampler/_under_sampling/_prototype_selection/_random_under_sampler.py,funcao,__sklearn_tags__,0,0,0,0,0,0,0,0,0,0,0,0
imbens/sampler/_under_sampling/_prototype_selection/_self_paced_under_sampler.py,funcao,__init__,1,2,1,2,3,3,2.0,4.7549,0.5,2.3774,0.1321,0.0016
imbens/sampler/_under_sampling/_prototype_selection/_self_paced_under_sampler.py,funcao,_check_X_y,0,0,0,0,0,0,0,0,0,0,0,0
imbens/sampler/_under_sampling/_prototype_selection/_self_paced_under_sampler.py,funcao,fit_resample,0,0,0,0,0,0,0,0,0,0,0,0
imbens/sampler/_under_sampling/_prototype_selection/_self_paced_under_sampler.py,funcao,_fit_resample,6,12,8,16,18,24,58.5293,100.0782,4.0,400.3128,22.2396,0.0334
imbens/sampler/_under_sampling/_prototype_selection/_self_paced_under_sampler.py,funcao,_undersample_single_class,14,47,37,72,61,109,314.3686,646.4504,10.7234,6932.1486,385.1194,0.2155
imbens/sampler/_under_sampling/_prototype_selection/_self_paced_under_sampler.py,funcao,_more_tags,0,0,0,0,0,0,0,0,0,0,0,0
imbens/sampler/_under_sampling/_prototype_selection/_self_paced_under_sampler.py,funcao,__sklearn_tags__,0,0,0,0,0,0,0,0,0,0,0,0
imbens/sampler/_under_sampling/_prototype_selection/_tomek_links.py,funcao,__init__,0,0,0,0,0,0,0,0,0,0,0,0
imbens/sampler/_under_sampling/_prototype_selection/_tomek_links.py,funcao,is_tomek,4,7,4,8,11,12,27.6515,41.5132,2.2857,94.8873,5.2715,0.0138
imbens/sampler/_under_sampling/_prototype_selection/_tomek_links.py,funcao,_fit_resample,1,2,1,2,3,3,2.0,4.7549,0.5,2.3774,0.1321,0.0016
imbens/sampler/_under_sampling/_prototype_selection/_tomek_links.py,funcao,_more_tags,0,0,0,0,0,0,0,0,0,0,0,0
imbens/sampler/_under_sampling/_prototype_selection/_tomek_links.py,funcao,__sklearn_tags__,0,0,0,0,0,0,0,0,0,0,0,0
imbens/sampler/_under_sampling/_prototype_selection/tests/test_allknn.py,funcao,test_allknn_fit_resample,1,23,23,23,24,46,104.0419,210.9083,0.5,105.4541,5.8586,0.0703
imbens/sampler/_under_sampling/_prototype_selection/tests/test_allknn.py,funcao,test_all_knn_allow_minority,1,2,1,2,3,3,2.0,4.7549,0.5,2.3774,0.1321,0.0016
imbens/sampler/_under_sampling/_prototype_selection/tests/test_allknn.py,funcao,test_allknn_fit_resample_mode,1,27,27,27,28,54,128.382,259.5972,0.5,129.7986,7.211,0.0865
imbens/sampler/_under_sampling/_prototype_selection/tests/test_allknn.py,funcao,test_allknn_fit_resample_with_nn_object,1,27,27,27,28,54,128.382,259.5972,0.5,129.7986,7.211,0.0865
imbens/sampler/_under_sampling/_prototype_selection/tests/test_allknn.py,funcao,test_alknn_not_good_object,0,0,0,0,0,0,0,0,0,0,0,0
imbens/sampler/_under_sampling/_prototype_selection/tests/test_balance_cascade_under_sampler.py,funcao,test_spus_fit_resample,2,15,15,29,17,44,60.6034,179.8484,1.9333,347.7068,19.317,0.0599
imbens/sampler/_under_sampling/_prototype_selection/tests/test_balance_cascade_under_sampler.py,funcao,test_bcus_no_sufficient_data,0,0,0,0,0,0,0,0,0,0,0,0
imbens/sampler/_under_sampling/_prototype_selection/tests/test_balance_cascade_under_sampler.py,funcao,test_bcus_with_sample_weight,2,14,11,21,16,32,55.303,128.0,1.5,192.0,10.6667,0.0427
imbens/sampler/_under_sampling/_prototype_selection/tests/test_condensed_nearest_neighbour.py,funcao,test_cnn_init,2,4,2,4,6,6,10.0,15.5098,1.0,15.5098,0.8617,0.0052
imbens/sampler/_under_sampling/_prototype_selection/tests/test_condensed_nearest_neighbour.py,funcao,test_cnn_fit_resample,1,7,7,7,8,14,19.6515,42.0,0.5,21.0,1.1667,0.014
imbens/sampler/_under_sampling/_prototype_selection/tests/test_condensed_nearest_neighbour.py,funcao,test_cnn_fit_resample_with_object,1,7,7,7,8,14,19.6515,42.0,0.5,21.0,1.1667,0.014
imbens/sampler/_under_sampling/_prototype_selection/tests/test_condensed_nearest_neighbour.py,funcao,test_cnn_fit_resample_with_wrong_object,0,0,0,0,0,0,0,0,0,0,0,0
imbens/sampler/_under_sampling/_prototype_selection/tests/test_edited_nearest_neighbours.py,funcao,test_enn_init,2,6,3,6,8,9,17.5098,27.0,1.0,27.0,1.5,0.009
imbens/sampler/_under_sampling/_prototype_selection/tests/test_edited_nearest_neighbours.py,funcao,test_enn_fit_resample,1,3,3,3,4,6,4.7549,12.0,0.5,6.0,0.3333,0.004
imbens/sampler/_under_sampling/_prototype_selection/tests/test_edited_nearest_neighbours.py,funcao,test_enn_fit_resample_mode,1,10,10,10,11,20,33.2193,69.1886,0.5,34.5943,1.9219,0.0231
imbens/sampler/_under_sampling/_prototype_selection/tests/test_edited_nearest_neighbours.py,funcao,test_enn_fit_resample_with_nn_object,1,10,10,10,11,20,33.2193,69.1886,0.5,34.5943,1.9219,0.0231
imbens/sampler/_under_sampling/_prototype_selection/tests/test_edited_nearest_neighbours.py,funcao,test_enn_not_good_object,0,0,0,0,0,0,0,0,0,0,0,0
imbens/sampler/_under_sampling/_prototype_selection/tests/test_edited_nearest_neighbours.py,funcao,test_enn_check_kind_selection,1,1,1,2,2,3,0,3.0,1.0,3.0,0.1667,0.001
imbens/sampler/_under_sampling/_prototype_selection/tests/test_instance_hardness_threshold.py,funcao,test_iht_init,1,3,2,4,4,6,4.7549,12.0,0.6667,8.0,0.4444,0.004
imbens/sampler/_under_sampling/_prototype_selection/tests/test_instance_hardness_threshold.py,funcao,test_iht_fit_resample,1,3,2,4,4,6,4.7549,12.0,0.6667,8.0,0.4444,0.004
imbens/sampler/_under_sampling/_prototype_selection/tests/test_instance_hardness_threshold.py,funcao,test_iht_fit_resample_half,1,3,2,4,4,6,4.7549,12.0,0.6667,8.0,0.4444,0.004
imbens/sampler/_under_sampling/_prototype_selection/tests/test_instance_hardness_threshold.py,funcao,test_iht_fit_resample_class_obj,1,3,2,4,4,6,4.7549,12.0,0.6667,8.0,0.4444,0.004
imbens/sampler/_under_sampling/_prototype_selection/tests/test_instance_hardness_threshold.py,funcao,test_iht_fit_resample_wrong_class_obj,0,0,0,0,0,0,0,0,0,0,0,0
imbens/sampler/_under_sampling/_prototype_selection/tests/test_instance_hardness_threshold.py,funcao,test_iht_reproducibility,0,0,0,0,0,0,0,0,0,0,0,0
imbens/sampler/_under_sampling/_prototype_selection/tests/test_nearmiss.py,funcao,test_nearmiss_error,0,0,0,0,0,0,0,0,0,0,0,0
imbens/sampler/_under_sampling/_prototype_selection/tests/test_nearmiss.py,funcao,test_nm_fit_resample_auto,1,11,23,23,12,46,38.0537,164.9083,1.0455,172.4041,9.578,0.055
imbens/sampler/_under_sampling/_prototype_selection/tests/test_nearmiss.py,funcao,test_nm_fit_resample_float_sampling_strategy,1,11,28,28,12,56,38.0537,200.7579,1.2727,255.5101,14.195,0.0669
imbens/sampler/_under_sampling/_prototype_selection/tests/test_nearmiss.py,funcao,test_nm_fit_resample_nn_obj,1,11,23,23,12,46,38.0537,164.9083,1.0455,172.4041,9.578,0.055
imbens/sampler/_under_sampling/_prototype_selection/tests/test_neighbourhood_cleaning_rule.py,funcao,test_ncr_error,0,0,0,0,0,0,0,0,0,0,0,0
imbens/sampler/_under_sampling/_prototype_selection/tests/test_neighbourhood_cleaning_rule.py,funcao,test_ncr_fit_resample,1,10,10,10,11,20,33.2193,69.1886,0.5,34.5943,1.9219,0.0231
imbens/sampler/_under_sampling/_prototype_selection/tests/test_neighbourhood_cleaning_rule.py,funcao,test_ncr_fit_resample_mode,1,10,10,10,11,20,33.2193,69.1886,0.5,34.5943,1.9219,0.0231
imbens/sampler/_under_sampling/_prototype_selection/tests/test_one_sided_selection.py,funcao,test_oss_init,2,6,3,6,8,9,17.5098,27.0,1.0,27.0,1.5,0.009
imbens/sampler/_under_sampling/_prototype_selection/tests/test_one_sided_selection.py,funcao,test_oss_fit_resample,1,13,13,13,14,26,48.1057,98.9912,0.5,49.4956,2.7498,0.033
imbens/sampler/_under_sampling/_prototype_selection/tests/test_one_sided_selection.py,funcao,test_oss_with_object,1,13,13,13,14,26,48.1057,98.9912,0.5,49.4956,2.7498,0.033
imbens/sampler/_under_sampling/_prototype_selection/tests/test_one_sided_selection.py,funcao,test_oss_with_wrong_object,0,0,0,0,0,0,0,0,0,0,0,0
imbens/sampler/_under_sampling/_prototype_selection/tests/test_random_under_sampler.py,funcao,test_rus_fit_resample,1,2,2,2,3,4,2.0,6.3399,0.5,3.1699,0.1761,0.0021
imbens/sampler/_under_sampling/_prototype_selection/tests/test_random_under_sampler.py,funcao,test_rus_fit_resample_half,0,0,0,0,0,0,0,0,0,0,0,0
imbens/sampler/_under_sampling/_prototype_selection/tests/test_random_under_sampler.py,funcao,test_multiclass_fit_resample,1,4,3,6,5,9,8.0,20.8974,0.75,15.673,0.8707,0.007
imbens/sampler/_under_sampling/_prototype_selection/tests/test_random_under_sampler.py,funcao,test_random_under_sampling_heterogeneous_data,1,5,3,6,6,9,11.6096,23.2647,0.6,13.9588,0.7755,0.0078
imbens/sampler/_under_sampling/_prototype_selection/tests/test_random_under_sampler.py,funcao,test_random_under_sampling_nan_inf,3,6,4,7,9,11,20.2647,34.8692,1.75,61.0211,3.3901,0.0116
imbens/sampler/_under_sampling/_prototype_selection/tests/test_repeated_edited_nearest_neighbours.py,funcao,test_renn_init,2,6,3,6,8,9,17.5098,27.0,1.0,27.0,1.5,0.009
imbens/sampler/_under_sampling/_prototype_selection/tests/test_repeated_edited_nearest_neighbours.py,funcao,test_renn_iter_wrong,1,1,1,1,2,2,0,2.0,0.5,1.0,0.0556,0.0007
imbens/sampler/_under_sampling/_prototype_selection/tests/test_repeated_edited_nearest_neighbours.py,funcao,test_renn_fit_resample,3,25,24,25,28,49,120.8513,235.5604,1.5,353.3406,19.63,0.0785
imbens/sampler/_under_sampling/_prototype_selection/tests/test_repeated_edited_nearest_neighbours.py,funcao,test_renn_fit_resample_mode_object,3,31,30,31,34,61,158.335,310.3352,1.5,465.5028,25.8613,0.1034
imbens/sampler/_under_sampling/_prototype_selection/tests/test_repeated_edited_nearest_neighbours.py,funcao,test_renn_fit_resample_mode,3,31,30,31,34,61,158.335,310.3352,1.5,465.5028,25.8613,0.1034
imbens/sampler/_under_sampling/_prototype_selection/tests/test_repeated_edited_nearest_neighbours.py,funcao,test_renn_not_good_object,0,0,0,0,0,0,0,0,0,0,0,0
imbens/sampler/_under_sampling/_prototype_selection/tests/test_repeated_edited_nearest_neighbours.py,funcao,test_renn_iter_attribute,1,2,1,2,3,3,2.0,4.7549,0.5,2.3774,0.1321,0.0016
imbens/sampler/_under_sampling/_prototype_selection/tests/test_self_paced_under_sampler.py,funcao,test_spus_fit_resample,1,5,3,6,6,9,11.6096,23.2647,0.6,13.9588,0.7755,0.0078
imbens/sampler/_under_sampling/_prototype_selection/tests/test_self_paced_under_sampler.py,funcao,test_spus_negative_alpha,1,1,1,1,2,2,0,2.0,0.5,1.0,0.0556,0.0007
imbens/sampler/_under_sampling/_prototype_selection/tests/test_self_paced_under_sampler.py,funcao,test_spus_negative_k_bins,1,1,1,1,2,2,0,2.0,0.5,1.0,0.0556,0.0007
imbens/sampler/_under_sampling/_prototype_selection/tests/test_self_paced_under_sampler.py,funcao,test_spus_no_sufficient_data,1,2,1,2,3,3,2.0,4.7549,0.5,2.3774,0.1321,0.0016
imbens/sampler/_under_sampling/_prototype_selection/tests/test_self_paced_under_sampler.py,funcao,test_spus_with_sample_weight,1,6,4,8,7,12,15.5098,33.6883,0.6667,22.4588,1.2477,0.0112
imbens/sampler/_under_sampling/_prototype_selection/tests/test_self_paced_under_sampler.py,funcao,test_spus_hard_resample,3,10,6,11,13,17,37.9742,62.9075,1.65,103.7973,5.7665,0.021
imbens/sampler/_under_sampling/_prototype_selection/tests/test_tomek_links.py,funcao,test_tl_init,1,2,1,2,3,3,2.0,4.7549,0.5,2.3774,0.1321,0.0016
imbens/sampler/_under_sampling/_prototype_selection/tests/test_tomek_links.py,funcao,test_tl_fit_resample,1,15,15,15,16,30,58.6034,120.0,0.5,60.0,3.3333,0.04
imbens/utils/deprecation.py,funcao,deprecate_parameter,3,10,6,12,13,18,37.9742,66.6079,1.8,119.8942,6.6608,0.0222
imbens/utils/estimator_checks.py,funcao,_yield_sampler_checks,1,6,3,6,7,9,15.5098,25.2662,0.5,12.6331,0.7018,0.0084
imbens/utils/estimator_checks.py,funcao,_yield_classifier_checks,0,0,0,0,0,0,0,0,0,0,0,0
imbens/utils/estimator_checks.py,funcao,_yield_all_checks,0,0,0,0,0,0,0,0,0,0,0,0
imbens/utils/estimator_checks.py,funcao,parametrize_with_checks,0,0,0,0,0,0,0,0,0,0,0,0
imbens/utils/estimator_checks.py,funcao,_generate_check_ids,0,0,0,0,0,0,0,0,0,0,0,0
imbens/utils/estimator_checks.py,funcao,check_target_type,0,0,0,0,0,0,0,0,0,0,0,0
imbens/utils/estimator_checks.py,funcao,check_samplers_one_label,1,2,1,2,3,3,2.0,4.7549,0.5,2.3774,0.1321,0.0016
imbens/utils/estimator_checks.py,funcao,check_samplers_fit,2,6,3,6,8,9,17.5098,27.0,1.0,27.0,1.5,0.009
imbens/utils/estimator_checks.py,funcao,check_samplers_fit_resample,5,10,6,12,15,18,44.8289,70.324,3.0,210.9721,11.7207,0.0234
imbens/utils/estimator_checks.py,funcao,check_samplers_sampling_strategy_fit_resample,1,4,3,6,5,9,8.0,20.8974,0.75,15.673,0.8707,0.007
imbens/utils/estimator_checks.py,funcao,check_samplers_sparse,0,0,0,0,0,0,0,0,0,0,0,0
imbens/utils/estimator_checks.py,funcao,check_samplers_pandas,1,5,3,6,6,9,11.6096,23.2647,0.6,13.9588,0.7755,0.0078
imbens/utils/estimator_checks.py,funcao,check_samplers_list,0,0,0,0,0,0,0,0,0,0,0,0
imbens/utils/estimator_checks.py,funcao,check_samplers_multiclass_ova,1,2,1,2,3,3,2.0,4.7549,0.5,2.3774,0.1321,0.0016
imbens/utils/estimator_checks.py,funcao,check_samplers_2d_target,1,1,1,1,2,2,0,2.0,0.5,1.0,0.0556,0.0007
imbens/utils/estimator_checks.py,funcao,check_samplers_preserve_dtype,1,1,2,4,2,6,0,6.0,2.0,12.0,0.6667,0.002
imbens/utils/estimator_checks.py,funcao,check_samplers_sample_indices,1,2,1,2,3,3,2.0,4.7549,0.5,2.3774,0.1321,0.0016
imbens/utils/estimator_checks.py,funcao,check_samplers_string,4,11,6,11,15,17,46.0537,66.4171,2.0,132.8343,7.3797,0.0221
imbens/utils/estimator_checks.py,funcao,check_samplers_nan,4,11,6,11,15,17,46.0537,66.4171,2.0,132.8343,7.3797,0.0221
imbens/utils/estimator_checks.py,funcao,check_classifier_on_multilabel_or_multioutput_targets,0,0,0,0,0,0,0,0,0,0,0,0
imbens/utils/testing.py,funcao,all_estimators,8,22,14,23,30,37,122.1075,181.555,4.1818,759.2298,42.1794,0.0605
imbens/utils/_docstring.py,funcao,__init__,0,0,0,0,0,0,0,0,0,0,0,0
imbens/utils/_docstring.py,funcao,__call__,1,2,1,2,3,3,2.0,4.7549,0.5,2.3774,0.1321,0.0016
imbens/utils/_docstring.py,funcao,_get_example_docstring,1,2,1,2,3,3,2.0,4.7549,0.5,2.3774,0.1321,0.0016
imbens/utils/_docstring.py,funcao,_check_type_parameter,2,3,2,3,5,5,6.7549,11.6096,1.0,11.6096,0.645,0.0039
imbens/utils/_docstring.py,funcao,_get_random_state_docstring,1,2,1,2,3,3,2.0,4.7549,0.5,2.3774,0.1321,0.0016
imbens/utils/_docstring.py,funcao,_get_n_jobs_docstring,2,7,5,10,9,15,21.6515,47.5489,1.4286,67.927,3.7737,0.0158
imbens/utils/_docstring.py,funcao,_get_train_verbose_docstring,1,3,2,4,4,6,4.7549,12.0,0.6667,8.0,0.4444,0.004
imbens/utils/_docstring.py,funcao,_get_target_label_docstring,1,3,2,4,4,6,4.7549,12.0,0.6667,8.0,0.4444,0.004
imbens/utils/_docstring.py,funcao,_get_n_target_samples_docstring,1,3,2,4,4,6,4.7549,12.0,0.6667,8.0,0.4444,0.004
imbens/utils/_docstring.py,funcao,_get_parameter_docstring,1,12,11,22,13,33,43.0196,122.1145,0.9167,111.9383,6.2188,0.0407
imbens/utils/_evaluate.py,funcao,evaluate_print,1,4,2,4,5,6,8.0,13.9316,0.5,6.9658,0.387,0.0046
imbens/utils/_plot.py,funcao,set_ax_border,0,0,0,0,0,0,0,0,0,0,0,0
imbens/utils/_plot.py,funcao,plot_scatter,4,11,9,16,15,25,46.0537,97.6723,2.9091,284.1375,15.7854,0.0326
imbens/utils/_plot.py,funcao,plot_class_distribution,4,13,7,14,17,21,56.1057,85.8367,2.1538,184.8791,10.2711,0.0286
imbens/utils/_plot.py,funcao,plot_2Dprojection_and_cardinality,1,2,1,2,3,3,2.0,4.7549,0.5,2.3774,0.1321,0.0016
imbens/utils/_plot.py,funcao,plot_online_figure,0,0,0,0,0,0,0,0,0,0,0,0
imbens/utils/_show_versions.py,funcao,_get_deps_info,0,0,0,0,0,0,0,0,0,0,0,0
imbens/utils/_show_versions.py,funcao,show_versions,1,4,2,4,5,6,8.0,13.9316,0.5,6.9658,0.387,0.0046
imbens/utils/_validation.py,funcao,__init__,0,0,0,0,0,0,0,0,0,0,0,0
imbens/utils/_validation.py,funcao,transform,0,0,0,0,0,0,0,0,0,0,0,0
imbens/utils/_validation.py,funcao,_gets_props,0,0,0,0,0,0,0,0,0,0,0,0
imbens/utils/_validation.py,funcao,_transfrom_one,1,4,3,6,5,9,8.0,20.8974,0.75,15.673,0.8707,0.007
imbens/utils/_validation.py,funcao,check_neighbors_object,1,2,1,2,3,3,2.0,4.7549,0.5,2.3774,0.1321,0.0016
imbens/utils/_validation.py,funcao,_count_class_sample,0,0,0,0,0,0,0,0,0,0,0,0
imbens/utils/_validation.py,funcao,check_target_type,2,4,3,6,6,9,10.0,23.2647,1.5,34.897,1.9387,0.0078
imbens/utils/_validation.py,funcao,_sampling_strategy_all,3,8,5,10,11,15,28.7549,51.8915,1.875,97.2965,5.4054,0.0173
imbens/utils/_validation.py,funcao,_sampling_strategy_majority,2,8,5,10,10,15,26.0,49.8289,1.25,62.2862,3.4603,0.0166
imbens/utils/_validation.py,funcao,_sampling_strategy_not_majority,4,10,7,14,14,21,41.2193,79.9545,2.8,223.8725,12.4374,0.0267
imbens/utils/_validation.py,funcao,_sampling_strategy_not_minority,4,10,7,14,14,21,41.2193,79.9545,2.8,223.8725,12.4374,0.0267
imbens/utils/_validation.py,funcao,_sampling_strategy_minority,3,10,6,12,13,18,37.9742,66.6079,1.8,119.8942,6.6608,0.0222
imbens/utils/_validation.py,funcao,_sampling_strategy_auto,2,6,4,8,8,12,17.5098,36.0,1.3333,48.0,2.6667,0.012
imbens/utils/_validation.py,funcao,_sampling_strategy_dict,4,13,10,20,17,30,56.1057,122.6239,3.0769,377.3043,20.9613,0.0409
imbens/utils/_validation.py,funcao,_sampling_strategy_list,3,6,3,6,9,9,20.2647,28.5293,1.5,42.794,2.3774,0.0095
imbens/utils/_validation.py,funcao,_sampling_strategy_float,7,18,12,24,25,36,94.7101,167.1788,4.6667,780.1678,43.3427,0.0557
imbens/utils/_validation.py,funcao,check_sampling_strategy,5,10,7,14,15,21,44.8289,82.0447,3.5,287.1565,15.9531,0.0273
imbens/utils/_validation.py,funcao,_deprecate_positional_args,4,7,5,9,11,14,27.6515,48.432,2.5714,124.5395,6.9189,0.0161
imbens/utils/_validation_data.py,funcao,_check_eval_datasets_name,3,7,4,7,10,11,24.4064,36.5412,1.5,54.8118,3.0451,0.0122
imbens/utils/_validation_data.py,funcao,_check_eval_datasets_tuple,3,10,6,11,13,17,37.9742,62.9075,1.65,103.7973,5.7665,0.021
imbens/utils/_validation_data.py,funcao,_check_eval_datasets_dict,1,2,1,2,3,3,2.0,4.7549,0.5,2.3774,0.1321,0.0016
imbens/utils/_validation_data.py,funcao,_all_elements_equal,3,6,4,8,9,12,20.2647,38.0391,2.0,76.0782,4.2266,0.0127
imbens/utils/_validation_data.py,funcao,check_eval_datasets,5,9,6,11,14,17,40.139,64.725,3.0556,197.7709,10.9873,0.0216
imbens/utils/_validation_param.py,funcao,_check_n_target_samples_int,6,25,17,34,31,51,131.6062,252.664,4.08,1030.8692,57.2705,0.0842
imbens/utils/_validation_param.py,funcao,_check_n_target_samples_dict,6,15,10,20,21,30,74.1131,131.7695,4.0,527.0781,29.2821,0.0439
imbens/utils/_validation_param.py,funcao,check_n_target_samples,0,0,0,0,0,0,0,0,0,0,0,0
imbens/utils/_validation_param.py,funcao,check_target_label,1,2,1,2,3,3,2.0,4.7549,0.5,2.3774,0.1321,0.0016
imbens/utils/_validation_param.py,funcao,check_target_label_and_n_target_samples,1,7,6,12,8,18,19.6515,54.0,0.8571,46.2857,2.5714,0.018
imbens/utils/_validation_param.py,funcao,_uniform_schedule,2,3,2,3,5,5,6.7549,11.6096,1.0,11.6096,0.645,0.0039
imbens/utils/_validation_param.py,funcao,_progressive_schedule,7,13,10,19,20,29,67.7572,125.3359,5.1154,641.1414,35.619,0.0418
imbens/utils/_validation_param.py,funcao,check_balancing_schedule,3,8,5,9,11,14,28.7549,48.432,1.6875,81.7291,4.5405,0.0161
imbens/utils/_validation_param.py,funcao,_check_eval_metric_func,5,10,8,15,15,23,44.8289,89.8585,3.75,336.9693,18.7205,0.03
imbens/utils/_validation_param.py,funcao,_check_eval_metric_args,2,3,2,3,5,5,6.7549,11.6096,1.0,11.6096,0.645,0.0039
imbens/utils/_validation_param.py,funcao,_check_eval_metric_name,2,3,2,3,5,5,6.7549,11.6096,1.0,11.6096,0.645,0.0039
imbens/utils/_validation_param.py,funcao,_check_eval_metric_tuple,3,10,6,11,13,17,37.9742,62.9075,1.65,103.7973,5.7665,0.021
imbens/utils/_validation_param.py,funcao,_check_eval_metrics_dict,0,0,0,0,0,0,0,0,0,0,0,0
imbens/utils/_validation_param.py,funcao,check_eval_metrics,2,4,2,4,6,6,10.0,15.5098,1.0,15.5098,0.8617,0.0052
imbens/utils/_validation_param.py,funcao,check_train_verbose,6,16,13,25,22,38,79.5098,169.4584,4.6875,794.3363,44.1298,0.0565
imbens/utils/_validation_param.py,funcao,_check_visualizer_ensemble_item,2,4,3,4,6,7,10.0,18.0947,1.0,18.0947,1.0053,0.006
imbens/utils/_validation_param.py,funcao,get_dict_subset_by_key,2,2,2,4,4,6,4.0,12.0,2.0,24.0,1.3333,0.004
imbens/utils/_validation_param.py,funcao,check_visualizer_ensembles,6,16,11,20,22,31,79.5098,138.2424,3.75,518.4089,28.8005,0.0461
imbens/utils/_validation_param.py,funcao,_check_all_estimators_have_same_attribute,1,3,3,3,4,6,4.7549,12.0,0.5,6.0,0.3333,0.004
imbens/utils/_validation_param.py,funcao,_all_elements_equal,3,6,4,8,9,12,20.2647,38.0391,2.0,76.0782,4.2266,0.0127
imbens/utils/_validation_param.py,funcao,check_plot_figsize,3,8,6,10,11,16,28.7549,55.3509,1.875,103.7829,5.7657,0.0185
imbens/utils/_validation_param.py,funcao,check_has_diff_elements,3,6,3,6,9,9,20.2647,28.5293,1.5,42.794,2.3774,0.0095
imbens/utils/_validation_param.py,funcao,check_type,2,3,2,3,5,5,6.7549,11.6096,1.0,11.6096,0.645,0.0039
imbens/utils/_validation_param.py,funcao,check_pred_proba,5,9,6,12,14,18,40.139,68.5324,3.3333,228.4413,12.6912,0.0228
imbens/utils/tests/test_deprecation.py,funcao,__init__,0,0,0,0,0,0,0,0,0,0,0,0
imbens/utils/tests/test_deprecation.py,funcao,test_deprecate_parameter,0,0,0,0,0,0,0,0,0,0,0,0
imbens/utils/tests/test_docstring.py,funcao,func,0,0,0,0,0,0,0,0,0,0,0,0
imbens/utils/tests/test_docstring.py,funcao,__init__,0,0,0,0,0,0,0,0,0,0,0,0
imbens/utils/tests/test_docstring.py,funcao,test_docstring_inject,1,2,1,2,3,3,2.0,4.7549,0.5,2.3774,0.1321,0.0016
imbens/utils/tests/test_docstring.py,funcao,test_docstring_template,1,4,2,4,5,6,8.0,13.9316,0.5,6.9658,0.387,0.0046
imbens/utils/tests/test_estimator_checks.py,funcao,fit,0,0,0,0,0,0,0,0,0,0,0,0
imbens/utils/tests/test_estimator_checks.py,funcao,fit_resample,0,0,0,0,0,0,0,0,0,0,0,0
imbens/utils/tests/test_estimator_checks.py,funcao,_fit_resample,1,2,1,2,3,3,2.0,4.7549,0.5,2.3774,0.1321,0.0016
imbens/utils/tests/test_estimator_checks.py,funcao,_check_X_y,0,0,0,0,0,0,0,0,0,0,0,0
imbens/utils/tests/test_estimator_checks.py,funcao,test_check_samplers_string,0,0,0,0,0,0,0,0,0,0,0,0
imbens/utils/tests/test_estimator_checks.py,funcao,test_check_samplers_nan,0,0,0,0,0,0,0,0,0,0,0,0
imbens/utils/tests/test_estimator_checks.py,funcao,_test_single_check,0,0,0,0,0,0,0,0,0,0,0,0
imbens/utils/tests/test_estimator_checks.py,funcao,test_all_checks,0,0,0,0,0,0,0,0,0,0,0,0
imbens/utils/tests/test_estimator_checks.py,funcao,test_all_samplers,1,2,1,2,3,3,2.0,4.7549,0.5,2.3774,0.1321,0.0016
imbens/utils/tests/test_estimator_checks.py,funcao,test_all_classifiers,0,0,0,0,0,0,0,0,0,0,0,0
imbens/utils/tests/test_plot.py,funcao,test_plot_scatter,0,0,0,0,0,0,0,0,0,0,0,0
imbens/utils/tests/test_plot.py,funcao,test_plot_class_distribution,0,0,0,0,0,0,0,0,0,0,0,0
imbens/utils/tests/test_plot.py,funcao,test_plot_2Dprojection_and_cardinality,0,0,0,0,0,0,0,0,0,0,0,0
imbens/utils/tests/test_show_versions.py,funcao,test_get_deps_info,1,11,10,20,12,30,38.0537,107.5489,0.9091,97.7717,5.4318,0.0358
imbens/utils/tests/test_show_versions.py,funcao,test_show_versions_default,1,14,13,26,15,39,53.303,152.3687,0.9286,141.4853,7.8603,0.0508
imbens/utils/tests/test_show_versions.py,funcao,test_show_versions_github,1,18,17,34,19,51,75.0587,216.6443,0.9444,204.6085,11.3671,0.0722
imbens/utils/tests/test_testing.py,funcao,test_all_estimators,0,0,0,0,0,0,0,0,0,0,0,0
imbens/utils/tests/test_validation.py,funcao,test_check_neighbors_object,1,3,3,6,4,9,4.7549,18.0,1.0,18.0,1.0,0.006
imbens/utils/tests/test_validation.py,funcao,test_check_target_type,0,0,0,0,0,0,0,0,0,0,0,0
imbens/utils/tests/test_validation.py,funcao,test_check_target_type_ova,1,2,1,2,3,3,2.0,4.7549,0.5,2.3774,0.1321,0.0016
imbens/utils/tests/test_validation.py,funcao,test_check_sampling_strategy_warning,0,0,0,0,0,0,0,0,0,0,0,0
imbens/utils/tests/test_validation.py,funcao,test_check_sampling_strategy_float_error,1,2,1,2,3,3,2.0,4.7549,0.5,2.3774,0.1321,0.0016
imbens/utils/tests/test_validation.py,funcao,test_check_sampling_strategy_error,0,0,0,0,0,0,0,0,0,0,0,0
imbens/utils/tests/test_validation.py,funcao,test_check_sampling_strategy_error_wrong_string,0,0,0,0,0,0,0,0,0,0,0,0
imbens/utils/tests/test_validation.py,funcao,test_sampling_strategy_class_target_unknown,2,10,5,10,12,15,35.2193,53.7744,1.0,53.7744,2.9875,0.0179
imbens/utils/tests/test_validation.py,funcao,test_sampling_strategy_dict_error,3,10,6,11,13,17,37.9742,62.9075,1.65,103.7973,5.7665,0.021
imbens/utils/tests/test_validation.py,funcao,test_sampling_strategy_float_error_not_in_range,2,6,3,6,8,9,17.5098,27.0,1.0,27.0,1.5,0.009
imbens/utils/tests/test_validation.py,funcao,test_sampling_strategy_float_error_not_binary,2,10,5,10,12,15,35.2193,53.7744,1.0,53.7744,2.9875,0.0179
imbens/utils/tests/test_validation.py,funcao,test_sampling_strategy_list_error_not_clean_sampling,2,10,5,10,12,15,35.2193,53.7744,1.0,53.7744,2.9875,0.0179
imbens/utils/tests/test_validation.py,funcao,_sampling_strategy_func,0,0,0,0,0,0,0,0,0,0,0,0
imbens/utils/tests/test_validation.py,funcao,test_check_sampling_strategy,1,2,1,2,3,3,2.0,4.7549,0.5,2.3774,0.1321,0.0016
imbens/utils/tests/test_validation.py,funcao,test_sampling_strategy_dict_over_sampling,2,10,5,10,12,15,35.2193,53.7744,1.0,53.7744,2.9875,0.0179
imbens/utils/tests/test_validation.py,funcao,test_sampling_strategy_callable_args,3,14,7,14,17,21,58.0579,85.8367,1.5,128.7551,7.1531,0.0286
imbens/utils/tests/test_validation.py,funcao,test_sampling_strategy_check_order,3,12,6,12,15,18,47.7744,70.324,1.5,105.486,5.8603,0.0234
imbens/utils/tests/test_validation.py,funcao,test_arrays_transformer_plain_list,0,0,0,0,0,0,0,0,0,0,0,0
imbens/utils/tests/test_validation.py,funcao,test_arrays_transformer_numpy,0,0,0,0,0,0,0,0,0,0,0,0
imbens/utils/tests/test_validation.py,funcao,test_arrays_transformer_pandas,0,0,0,0,0,0,0,0,0,0,0,0
imbens/utils/tests/test_validation.py,funcao,test_deprecate_positional_args_warns_for_function,0,0,0,0,0,0,0,0,0,0,0,0
imbens/utils/tests/test_validation_param.py,funcao,test_check_n_target_samples_int,6,11,10,20,17,30,53.5635,122.6239,5.4545,668.8576,37.1588,0.0409
imbens/utils/tests/test_validation_param.py,funcao,test_check_n_target_samples_dict,4,14,11,22,18,33,61.303,137.6075,3.1429,432.4808,24.0267,0.0459
imbens/utils/tests/test_validation_param.py,funcao,dummy_schedule,0,0,0,0,0,0,0,0,0,0,0,0
imbens/utils/tests/test_validation_param.py,funcao,error_schedule,0,0,0,0,0,0,0,0,0,0,0,0
imbens/utils/tests/test_validation_param.py,funcao,test_check_balancing_schedule,2,3,2,4,5,6,6.7549,13.9316,1.3333,18.5754,1.032,0.0046
imbens/visualizer/visualizer.py,funcao,set_ax_border,0,0,0,0,0,0,0,0,0,0,0,0
imbens/visualizer/visualizer.py,funcao,__init__,0,0,0,0,0,0,0,0,0,0,0,0
imbens/visualizer/visualizer.py,funcao,fit,2,4,2,4,6,6,10.0,15.5098,1.0,15.5098,0.8617,0.0052
imbens/visualizer/visualizer.py,funcao,_check_ensembles_stored_n_training_samples,0,0,0,0,0,0,0,0,0,0,0,0
imbens/visualizer/visualizer.py,funcao,_get_ensemble_stored_n_training_samples,1,1,1,1,2,2,0,2.0,0.5,1.0,0.0556,0.0007
imbens/visualizer/visualizer.py,funcao,_get_boost_predict_proba,1,2,2,4,3,6,2.0,9.5098,1.0,9.5098,0.5283,0.0032
imbens/visualizer/visualizer.py,funcao,_get_parallel_predict_proba,1,2,1,2,3,3,2.0,4.7549,0.5,2.3774,0.1321,0.0016
imbens/visualizer/visualizer.py,funcao,_get_ensemble_predict_proba,1,2,1,2,3,3,2.0,4.7549,0.5,2.3774,0.1321,0.0016
imbens/visualizer/visualizer.py,funcao,_get_predict_proba,3,4,3,6,7,9,12.7549,25.2662,2.25,56.8489,3.1583,0.0084
imbens/visualizer/visualizer.py,funcao,_collect_ensemble_performance_data,4,11,9,19,15,28,46.0537,109.3929,3.4545,377.9029,20.9946,0.0365
imbens/visualizer/visualizer.py,funcao,_collect_all_ensemble_performance_data,0,0,0,0,0,0,0,0,0,0,0,0
imbens/visualizer/visualizer.py,funcao,_split_ensembles_by_has_n_training_samples_,0,0,0,0,0,0,0,0,0,0,0,0
imbens/visualizer/visualizer.py,funcao,performance_lineplot,10,37,28,52,47,80,225.9691,444.3671,7.027,3122.5797,173.4766,0.1481
imbens/visualizer/visualizer.py,funcao,_collect_all_ensemble_confusion_matrix,0,0,0,0,0,0,0,0,0,0,0,0
imbens/visualizer/visualizer.py,funcao,_check_is_subset,1,2,1,2,3,3,2.0,4.7549,0.5,2.3774,0.1321,0.0016
imbens/visualizer/visualizer.py,funcao,confusion_matrix_heatmap,8,19,14,25,27,39,104.7106,185.4406,5.2632,976.0032,54.2224,0.0618
imbens/visualizer/tests/test_visualizer.py,funcao,test_performance_curve,0,0,0,0,0,0,0,0,0,0,0,0
imbens/visualizer/tests/test_visualizer.py,funcao,test_confusion_matrix_heatmap,0,0,0,0,0,0,0,0,0,0,0,0
imbens/visualizer/tests/test_visualizer.py,funcao,test_performance_curve_grid,0,0,0,0,0,0,0,0,0,0,0,0
imbens/visualizer/tests/test_visualizer.py,funcao,test_confusion_matrix_heatmap_grid,0,0,0,0,0,0,0,0,0,0,0,0
